"first name	","last name	",code
سعيد,آبائی,1123
محمدتقی,آبائی هزاوهء,9258
خيراله,آبداري,1124
سعيد,آجورلو,1217
اميرابراهيم,آجيلی,1218
حسين,آذربو,1358
مصطفی,آذرخيل,1359
محمدعلی,آذرمی,1363
آرش,آذري جعفري,1365
علی,آراسته,1367
داود,آرامی نيا,1369
سعيد,آرزومند,1392
محمدرضا,آرم,1397
عاطفه,آرمند,1398
ابراهيم,آريازنگنه,1415
نرگس,آريانی,1423
حميدرضا,آريانپور,1422
بختيار,آزادبخت,1432
حافظ,آزادبخت,1434
عليرضا,آزاده,1443
مجيد,آزادوار,1445
حميرا,آزادي,1451
فاطمه,آزادي,1452
امير,آزمون,1455
علی جان,آژ,1458
ساسان,آسيائی,1575
مهدي,آشناور,1592
محمود,آشورزاده,1596
مهدي,آصفی,1625
احسان,آقائی,1726
شاپور,آقائی,1729
علی,آقائی,1731
مهدي,آقائی,1733
مرتضی,آقائی اول,1735
فاطمه السادات,آقائی,1738
داود,آقابابائی,1689
محمود,آقابابائی,1691
رضا,آقابابائيان,9216
سيدامير,آقاجان پورحسينی,1694
مسعود,آقاجان پورپيركلاچاهی,1693
حميده,آقاجانی كلور,1697
امير,آقاسی,1713
مرتضی,آقاطهرانی,1715
سعيد,آقاعلی زاده,9271
اميراحمد,آقاعليخانی,1716
فهيمه سادات,آقاميرمحمدعلی,1719
سيدمحمد,آقاميري,1722
منصور,آقانصير,1723
حميدرضا,اري,1734
هادي,آگاه,9314
مهرداد,آگهی اسكوئی,1776
فاطمه,آليا,1793
رحمان,آماده جونقانی,1796
رامين,آميريان,1884
روح الله,آئينه,9173
عليرضا,اباذري,1121
عليرضا,ابدال بيگی,1125
مهدي,ابدالی,1127
مجيد,ابدان كندري,1128
اميرحسين,ابدي,1129
عباس,ابراهيم زاده,1134
مهدي,ابراهيم زاده,1135
هادي,ابراهيم فتح آبادي,1137
وحيد,ابراهيم يزدي,1167
شهلا,ابراهيم پورقوي,1131
بهاره,ابراهيمی,1138
حميد,ابراهيمی,1141
رحمت,ابراهيمی,1146
سمانه,ابراهيمی,1147
فاطمه,ابراهيمی,1152
محمد,ابراهيمی,1153
محمدابراهيم,ابراهيمی,1154
محمدنبی,ابراهيمی,1156
مرتضی,ابراهيمی,1158
بهمن,ابراهيمی حسين زاده,1163
محمدتقی,ابراهيمی خوجين,1164
علی محمد,ابراهيمی,1165
مرتضی,ابراهيمی زيولائی,1168
باقر,ابراهيمی لويه,1171
مرجان,ابراهيميان,1161
ذبيح,اله ابركار,1173
انسيه,ابشاري,1175
سيداميرحسين,ابطحی,1176
سيدمحمدجواد,ابطحی,1178
صديقه,ابلق دار,1179
سيدمهدي,ابن التراب,1181
غلامرضا,ابن سعيدي,1183
سجاد,ابوئی مهريزي,1196
سيدمازيار,ابوالحسنی,1184
علی,ابوالحسنی,9152
علی محمد,ابوالحسنی,1185
ناديا,ابوالحسنی,1186
حسن,ابوالفتحی,1187
محمدرضا,ابوالفضلی علی آبادي,1191
سيدمحمود,ابوالمعالی حسينی,1192
رضا,ابوطالب زاده,1194
رضا,ابوطالبی,1195
احمد,اجورلو,1216
قاسم,احدي,1223
مجيد,احدي,9331
محمدسعيد,احديان,1224
احسان,احراري,1226
محمدجعفر,احساسی خواه,1227
روح,اهلل احسانی بشلی,1228
مجتبی,احسانی فر,1229
مهدي,احسانی فرد,1231
سودابه,احسانی كنمجانی,1232
علی,احسنی ثمرين,1233
علی جعفر,احمدخانی,1241
اردشير,احمدزاده,1244
جعفر,احمدزاده,9195
علی,احمدزاده,1245
موسی,احمدزاده,1246
جواد,احمدزاده جزي,1247
مريم,احمدزاده شلمانی,1248
محمدحسام,الدين احمدزادگان,1243
مارال,احمدفخرالدين,1249
دلارام,احمدقنداق ساز,1251
مجيد,احمدميرمحمدعلی,1252
ريحانه,احمدنژاد,1253
انيسه,احمدوند,1254
اميراحسان,احمدي,1259
بهزاد,احمدي,1263
حميد,احمدي,1265
خديجه,احمدي,9274
عباس,احمدي,1268
علی,احمدي,1271
علی,احمدي,9189
علی,احمدي,1269
علی,احمدي,1272
عليرضا,احمدي,1273
فتاح,احمدي,1275
محسن,احمدي,1277
محمدرضا,احمدي,1281
محمدرضا,احمدي,1279
محمود,احمدي,1282
مريم,احمدي,1283
هادي,احمدي,1285
علی,اصغر احمدي االشتی,1287
علی,احمدي بابادي,9327
محمدكاظم,احمدي ثوري,1294
اميد,احمدي خواه,1296
محسن,احمدي دستجردي,1297
يداله,احمدي ديسفانی,1298
زهرا,احمدي روشن,1299
ياسين,احمدي فرد,1315
شهاب,احمدي ماژين,1317
محمدمهدي,احمدي معين,1319
علی,احمديان كيسمی,1293
حسين,احمدپورسامانی,1238
فريبرز,احمدپورسامانی,1239
اميرحسين,اخباري فرد,1322
محمد,اختري,1324
اكبر,اختياري,1325
محمد,اخگري,1326
الياس,اخگري احمدآبادي,1327
عليرضا,اخلاق دوست,1329
حميد,اخلاق پسند,1328
ريحانه,اخلاقی,1331
سيدشمس,الدين اخلاقی,1332
میلاد,اخوان اسماعيلی,1338
اميد,اخوان اشرفيه,1339
محمدجواد,اخوان بهابادي,1341
علی,اخوان قنادي,1342
حسين,ادب زاده,1345
نبی,اله ادبی فيروزجائی,1346
محمدامين,ادهمی,1348
جواد,اديب,1349
قدرت,اهلل اديم,1354
محسن,ارباب زاده دراج,1371
مهدي,اربابی,1374
محسن,اربابيان,1376
عباس,ارجمندفر,1378
حسن,ارجمندفرد,1379
عبدالمجيد,ارجمندي,1381
مهدي,ارجمندي,1382
محمدعلی,ارحمی گلمائی,1383
محمدجواد,اردانی,1384
علی,اردستانی,1385
حميد,اردشيري,1386
محمدرضا,اردشيري پور,1387
محمد,اردكانی,1388
شهرزاد,اردلان,1389
سيدرضا,ارزيده,9217
سيدمحمد,ارغوانی,1395
محمد,ارفعی كندلجی,1396
علی,ازره,1454
فرزانه,ازوين,1457
نير,اژدري,1462
حسين,استركی,1465
سيدحسين,استقامت هنزائی,1467
سعيد,استوار,1468
حسين,اسحاقی,1469
سميرا,اسدالهی,1471
احمد,اسدالهی فرد,1472
ابوالفضل,اسدي,1477
اكبر,اسدي,1478
الهام,اسدي,1479
تقی,اسدي,1481
جعفر,اسدي,1482
اسكندر,اسدي اميرآبادي,1487
عليرضا,اسدي جوزانی,1489
مهدي,اسدي خانوكی,1491
سيدرضا,اسدي ضيائی,1492
روح,اهلل اسدپور,1474
محمدمهدي,اسعدي,1496
منوچهر,اسفندياري,1499
مهدي,اسفندياري,1511
مهدي,اسكندر,1516
محسن,اسكندرنيا,1517
جليل,اسكندري,1518
حسينعلی,اسكندري,1519
صالح,اسكندري,1525
شهرام,اسكندري پور,9269
يوسف,اسگندري,1531
محمدرضا,اسلام زاده حصاري,1533
سيدعباس,اسلامی,1534
كيميا,اسلامی,1536
علی,اسلاميان اميري,1538
حسين,اسم خوانی,1562
ايزدالسادات,اسماعيل زاده,1542
زهرا,اسماعيلی,1546
قاسم,اسماعيلی,1548
محمدجواد,اسماعيلی,1549
محمدرضا,اسماعيلی,1551
محمدمهدي,اسماعيلی,1552
عبدالمجيد,اسماعيلی دهقی,1557
مصطفی,اسماعيلی شايان,1558
حامد,اسماعيلی عليائی,1559
حسين,اسماعيلی همدانی,1561
مجتبی,اسمعيل بيگی,1563
علی,اسمعيل خطيب,1565
دنيا,اسمعيلی,1566
علی,اكبر اسمعيلی,1567
فاطمه,اسمعيلی,1568
مجتبی,اسمعيلی,1569
مجيد,اسمعيلی,1571
محمدحسين,اسمعيلی درجوزي,1572
حسن,اشتري,1576
شاهين,اشراقی,1577
ناصر,اشراقی,1579
محمدعلی,اشرف زاده,1581
حسن,اشرفی,1583
عادل,اشكبوس,1587
بابك,اشكري,1588
لیلا,اصانلو,9168
مهدي,اصغري,1613
ميثم,اصغري,1614
فرض,اله اصغري آذر,1617
مريم,اصغري سلوط,1618
رضا,اصغري شورستانی,1619
محمدرضا,اصغري لفمجانی,1622
سمانه,اصغري گيوه چی,1621
رضا,اصغرپور,1597
علی,اصل سليمانی,1631
محمد,اصل نجاري,1632
هادي,اصلاحی,9181
حامد,اصلانی,1626
مصطفی,اصلانی مقدم,1627
محمدعلی,اصلی نژاد,1633
محمدمهدي,اطهر,1636
سيدحسن,اعتمادزاده,1639
اميرعباس,اعتمادي نيا,1641
انسيه,اعتمادي نيا,1642
هانيه سادات,اعزاز,1644
سعيد,اعظمی,1645
سعيد,اعلاء,1648
پريوش,اعلائيان,1649
الله,افتخاري,1654
مجيد,افتخاري,1655
ليدا,افتخاري وش,1656
زهرا,افخم رضائی,1657
آنيتا,افخمی اردكانی,1661
مصطفی,افراخته,1662
سيدعلی حسين,افراز,1663
مجيد,افراز,1664
حسن,افراسيابی كشكولی,1668
فيض,اله افزونی,1671
حبيبه,افسرطال,1672
حسين,افشارزاده,1675
محمدمهدي,افشاري,1679
مهدي,افشاري,1681
علی,افشاري آزاد,1682
گودرز,افشون,1684
مهرزاد,افشون,1685
حسين,افضلی,1686
سيدايمان,افضلی,1687
محمدحسن,افضلی,1688
هوشنگ,اقائی ماديه,1737
عليرضا,اقانوري كوپائی,1725
حسن,اقبال,1739
میلاد,اقبال,1741
فرهاد,اقبالی قهيازي,1744
محمدرضا,اقبالی مقدم,1745
مسعود,اقتداري علی اباد,9251
امير,اكبري,1751
اميرعباس,اكبري,1752
زهرا,اكبري,1754
علی,اكبري,1755
كمال,اكبري,1757
محمد,اكبري,1758
محمد,اكبري باصري,1766
عزت,اله اكبري تاالرپشتی,1767
حسين,اكبري درگاهی,1769
جمشيد,اكبري طرهانی,1772
احمد,اكبري نژاد,1773
امير,اكبريان,1763
عادل,اكبرپور,1747
سيدمحمد,اكرمی,1774
شهلا,اكوي محصل,1775
ميثم,القائی,1781
مهدي,النچري,1783
سعيد,اله وردي,1784
محمدعلی,الهی,1785
ياسمن,الهی خواه,1792
زهره,الهيان,1788
حسن,الياس وند,1794
سعيد,امام دوست,1797
سارا,امامقلی پورسفيددشتی,1798
محمدرضا,امامی,1811
حسين,امامی قراملكی,1812
حجت,اله امانی,1816
سعيد,امانی,1817
محبوبه,امانی,1819
محسن,امانی,1821
محمدمهدي,امانی,1822
اميدحسين,امجدي,1825
حامد,امجدي,1826
رضا,امرائی,1831
صادق,امرائی,1832
علی,امرائی,1833
مجيد,امرائی,1835
حميدرضا,امراللهی بيوكی,1828
عليرضا,امراللهی بيوكی,1829
مجيد,امن پور,1836
رضا,اميدوارتجريشی,1838
سيدعليرضا,اميدوارمعصومی,1839
مجيد,اميدوندچالی,1841
جمشيد,اميدي,1843
عليرضا,اميدي,1844
علی رضا,اميدي,1846
طاهره,اميراحمدي,1847
فرشيد,اميراينانلو,1849
مهدي,اميربهبودي,1851
سيدمجيد,اميرفخريان,1857
سيدحسن,اميرموسوي بنه كهل,9337
حسين,اميرنيا,1859
اميرهادي,اميري,1861
باقر,اميري,1862
بهروز,اميري,1863
بهمن,اميري,1864
حسن,اميري,1865
رضا,اميري,9257
رضا,اميري,1868
سهيلا,اميري,1869
عباس,اميري,1871
علی,اميري,1872
علی,اميري,1873
محمدعلی,اميري,1877
محمدمهدي,اميري,1879
محمدمهدي,اميري,1878
مرتضی,اميري,9166
مرتضی,اميري,1881
مهدي,اميري,1882
سيده زهرا,اميري,1891
جابر,اميرپور,1852
امير,امين صارمی,1892
جعفر,امينی,1893
خسرو,امينی,1894
داود,امينی,1895
سيده فاطمه,امينی,1897
علی,امينی,1899
فاطمه,امينی,1912
محمود,امينی,1914
مجيد,امينی خواه,1918
محمودرضا,امينی محمدآبادي,1921
محمدحسين,امينيان,1916
محمدهادي,انتشاري,1923
احمد,انجم شعاع,1924
سيدمحمود,اندرزگو,1925
ابراهيم,انديشمند,1926
بهنام,انصاري,1927
حسن,انصاري,1928
حوري,انصاري طرقی,1933
محمدعيسی,انصاري فرد,1934
حسن,انصاريان تهرانی,1932
سهراب,انعامی علمداري,1935
حسن,اوجاقی,1946
محمدتقی,اوحدي زاده,1947
محمدهادي,اوحدي شيخعلی كاليه,1948
غلام حسن,اوركی,1951
حميد,اوستاخ,1953
جواد,اوشال,1954
محسن,اولاد,1955
مهدي,اولادي قاديكالئی,1957
محمدعلی,اوليائی,1959
محدثه,ايجوي,1965
مهدي,ايرانزاداصل,1966
مهدي,ايرانی,1968
مهدي,ايزدبخش,1972
روح,اله ايزدخواه,1973
عصمت,ايزدي نظير,1977
محسن,ايزدگشب,1974
محمود,ايل خان,1981
حسين,ايلبيگی بختياري,1979
سيدعباس,ايمانی,9245
عباس,ايمانی,1982
علی,ايمانی,1983
فاطمه,ايمانی بيدگلی,1985
محمد,ايمانی تبار,1987
مهدي,ايمانی پورمقدم,1986
محمدجواد,ايمنی,1988
سيدعلی,اينانلو,1989
افسانه,ايوبی,1993
سعيده,بابائی,2127
محمدحسين,بابائی,2133
محمدرضا,بابائی,2134
محمدكبريا,بابائی,2135
مقداد,بابائی,2137
مهدي,بابائی,2138
سميه,بابائی توسكی,2144
نجمه,بابائی فر,2145
طاهره,بابائی پرالقير,2142
محمدحسين,بابائی پيله رود,2143
حسين,باباجانيان بيشه,1995
داود,بابازاده,2112
محمدحسين,باباعباسی,2115
ام البنين,بابامحمدي,2122
اكبر,بابامرادي,2123
سيدحميد,باباميري,2124
عباسعلی,باباگل زاده چاري,2116
جليل,بادام فيروز,2149
مجيد,بادينی پورآذر,2153
ابوالفضل,بادپا,9183
محسن,بادپيما,2152
محمدرضا,بارانی,2155
حميدرضا,بازرگان,2159
رضا,بازرگان,2161
محمد,بازوند,2164
هوشنگ,بازوند,2165
اميرحسين,بازيار,2166
مجيد,باستانی فر,2167
حمداهلل,باستی,2168
غلامرضا,باعزت,2171
سعيد,باغبان كندري,2173
محمود,بافيان طوسی,2176
خسرو,باقرزاده,2178
عبدالرحمان,باقرزاده لداري,2181
مهدي,باقرشاهی,2182
احسان اله,باقري,2183
اكبر,باقري,2185
جمشيد,باقري,2186
علی,باقري,2189
علی,باقري,2191
فريبا,باقري,2194
قباد,باقري,2195
محمد,باقري,2196
محمدحسين,باقري,2197
مصطفی,باقري,2198
مليحه,باقري,2199
جواد,باقري بلفه تيموري,2215
محمدعلی,باقري حجاز,2216
مريم,باقري شادهی,2217
حامد,باقري فراهانی,2219
فرشيد,باقريان,2213
زهراسادات,بالائی,2232
بهنام,باليده,2234
امير,بامدادفر,2236
حميد,بانسی,2237
مريم,باوندپوري,2239
علی,بحيرائی,2243
محمدرضا,بخت,2245
قربان علی,بختياري,2251
محسن,بختياري,2252
تهمينه,بختياري رنانی,2257
مهرزاد,بختياري منش,2259
اميرمحسن,بخشايش اردستانی,2261
محسن,بخشنده ماليري,2262
بهروز,بخشنده يزدي,2263
پيام,بخشی,2267
رضا,بخشی,2268
سعيد,بخشی,2269
اسماعيل,بخشی ثمرين,2271
رضا,بخشی سنجدري,2274
فاطمه,بداغی,2275
بهمن,بدخش,2276
حبيب اله,بدري,2278
صحاب,بديع زاده,2281
اكبر,بديعی,2282
مهدي,بذرافشان كوجل,2284
نويد,بذركارنالكياشري,2285
حميد,براتعلی,2286
مجيد,براتلو,2287
محمدشريف,براتی,2291
آرمين,براتی مقدم,2293
مجتبی,براتی نيا,2294
فاطمه,برادران,2295
فرانك,برادران ابراهيمی,2297
عليرضا,برادران صنعتگر,2298
محمود,براري عالمی,2314
ابراهيم,برارپور,2312
علی,برجيسيان,2316
اسماعيل,برزوئی,2321
طاهره,برزوئی,2324
عبدالرسول,برزوئی,2325
اسحق,برزگربدر,2317
محمد,برزگرخسروي,2318
محسن,برزگرمقدم,2319
حسن,برنا,2327
اميرحسين,برنده,2328
معصومه,برنور,2329
ابوالقاسم,بروغنی,2334
مجيد,بزرگ نيا,2337
ولی اله,بزرگمهر,2336
رسول,بزرگواري,2338
حسنعلی,بزرگيان,2339
علی,بستامی,2341
خليل,بسطامی,2342
محسن,بسطامی,2343
الهه,بسطامی بخشی,2344
سجاد,بسی صفت,2346
محمود,بشرونتن,2348
سيدمحمدرضا,بشيري,2349
مهدي,بشيري گودرزي,2352
سيدمحمد,بطحائی,2355
محمدرضا,بقائی بارجينی,2357
حسين,بلخاري قهی,2362
شهلا,بنائی اسكوئی,2367
احمدرضا,بنائی اسماعيلی,2368
مسعود,بنائی فر,2369
عليرضا,بنان,2365
محمد,بندري,2371
طاهره,بنی اسدي,2374
محمد,بنی مسنی,2377
مرتضی,بنيادي,2372
سيدمحمدمهدي,بوذري,2455
بهاره,بهاءالدين,2379
حسين,بهاءلوهوره,2381
عبدالرحيم,بهاروند,2385
محمد,بهاروند,2386
محسن,بهجت,2393
عباس,بهجت مجنی,2394
آرمان,بهراد,2395
ابوالحسن,بهرام پوري,2396
سجاد,بهرامی,2412
عطا,بهرامی,2413
محمدباقر,بهرامی,2415
حسين,بهرامی ترابی,2419
محمدرضا,بهرامی طاقانكی,2422
معصومه,بهرامی فر,2423
حسن,بهرامی فيل آبادي,2425
ايمان,بهرامی چگنی,2421
هادي,بهراميان,2418
سعيد,بهرامپوري,2397
افراز,بهزادزاده,2426
علی,بهزادي,2427
ارسطو,بهشتی,2429
جعفر,بهشتی,2431
سيداميرحسين,بهشتی,2433
مريم,بهشتی سرشت,2435
ابوالفضل,بهشتی عارف,2436
مهدي,بهشتی نژاد,2438
سيدهاشم,بهشتيان,2434
عبدالعظيم,بهفر,2439
شعيب,بهمن,2442
مليحه,بهمن آبادي,2443
ابراهيم,بهمنش,2446
علی,بهمنی,2449
علی,بهمنی تماي,2453
سجاد,به پسند,2391
منظر,بيابان گشت اوغانی,2463
مرتضی,بيابانی,2464
رضا,بيات,2467
عبدالعظيم,بيات,2468
علی,بيات,2469
عليرضا,بيات,2471
فتح اله,بيات,2472
فرود,بيات بقائی,2475
امير,بيات ترك,2476
محمدرضا,بيات سرمدي,2477
مهدي,بيات منش,2479
رضا,بيادي,2485
شعبانعلی,بيدكی,2491
شيران,بيرانوند,2495
صبا,بيرانوند,2496
محمد,بيرجندي,2499
ابراهيم,بيستون بيگلو,2512
محمدعباس,بيك نوه سی,2516
شهرام,بيكدلو,2514
سعيد,بيكدلی,2515
مريم,بيكی,2517
وحيد,بيگ زاده,2522
وحيد,بيگ محمدلو,2526
بابك,بيگ محمدي,2527
ذكراله,بيگدلی,2518
نوراهلل,بيگدلی,2521
حمداله,بيگدلی فر,9317
داود,بيگلري,2523
عظيمه,بيگلري كامی,2524
علی,بيگوند,2528
مرضيه,بيگی ابهري,2532
احسان,بينائيان,2534
پروانه,بينافر,2533
هادي,بی غم,2513
عبدالرحيم,پاپی,2536
معصومه,پاپی نژاد,2537
محمدحسن,پاچناري,2538
فريد,پادروند,2539
كرامت,پارسا,2542
پروين,پارسائی,2545
مجيد,پارسانهاد,2544
ساناز,پارسايی مطلق,2546
محمد,پارسی,2548
امير,پارياب,2549
مهدي,پازكی,9186
عباس,پازوكی,2552
احمد,پاسبان شرق,2554
عباس,پاشائی,2557
داود,پاشازاده,2556
محسن,پاك آئين,2559
ياسمن,پاك راه,2563
محسن,پاك روان,2565
حسين,پاك سرشت,2567
مسعود,پاك نيت راد,2571
بابك,پاك نژاد,2568
نويد,پاك نژاد,2569
مريم,پاكدل,2562
جواد,پاليزدار,2572
ابوالقاسم,پاليزگير,2573
عزت,پاوپر,2576
مجيد,پاهنگ,2575
محمد,پاي بست,2577
محمد,پايداري منصور,2579
احسان,پذيره,2581
احمد,پرتوي,2582
سيدطاهر,پرتوي آالنق,2583
سيده حميده,پرتوي,2584
محمدعلی,پرستاري,2586
مجتبی,پرك,2587
محمدحسين,پركان,2588
حسن,پرنده,2589
ميثم,پرنيان خوي,2592
محمدامين,پروردگاري قصبه,2597
جواد,پرويزي,2598
محمدرضا,پروين,2612
علی,پروينی,2613
عبدالرحمان,پرهيز,2593
كياوش,پرهيزكار,2594
عطاءاله,پرهيزكاري,2595
سيدصدراله,پرهيزگار,2596
الماس,پريش ور,2615
محمدرضا,پزشكی,2618
حسين,پزشكيان,2619
عباس,پژوهش نمين,2621
مهدي,پژوهی الموتی,2622
جعفر,پناهی,2623
رجب,پناهی,2624
شايان,پناهی,2625
زيبا,پناهی شايق,2633
مهسا,پناهی شكوه,2634
پروين,پناهی مجيدآباد,2635
حميدرضا,پنبهء,2636
سعيد,پوراطمينان,2639
فرشاد,پورافقی,2642
محمدحسين,پوربخشيان,2645
رضا,پورتيمور,2648
حسين,پورحسن زيوه,2649
رضا,پورحسين,2652
صابر,پورحسين,2653
احمد,پورخسرو,2654
علی,پورخليل,2655
حميد,پوررجب,2656
فيروز,پوررشنو,2657
ناصر,پوررعدي گرگري,2658
علی,پورعلی,2659
محمدمهدي,پورغالم حسنعلی ده,2663
مجيد,پورفخار,2664
شهروز,پورفرد,2665
علی,پوركمالی اناركی,2668
اكبر,پورمحمدرضا,9293
علی اصغر,پورمحمدي,2669
فاطمه,پورمحمدي,2671
مونا,پورمحمدي خطبه سرا,2672
طاهره,پورمحمودحاجالري,2674
امير,پورمقدمی طبالوندانی,2675
عبداهلل,پورمهدي,2676
ناهيده,پورنقدي,2677
رحيم,پوري,2679
مجتبی,پوريوسف ايردموسی,2683
رضا,پولادی,2684
مهدي,پويا,9196
سميرا,پيراسته,2686
حميدرضا,پيران,2687
سارا,پيرانه,2688
حسين,پيرهادي,2696
محسن,پيرهادي,2698
اكبر,پيروزمنش,2712
اسماعيل,پيري,2714
خديجه,پيري فرد,2716
ابوذر,پيش بين,2717
احمدعلی,پيشنهاد,2718
بهنام,پيل بالا,2719
عليرضا,پيوسته,2721
ناهيد,تاج الدين,2724
عليرضا,تاجريان,2726
منوچهر,تاجميري,9237
محمد,تاجيك,2732
يوسف,تازش,2734
عباس,تدينی كازرونی,9188
معصومه,تراب زاده خراسانی,2742
حسن,ترابی,2743
سيدمحسن,ترابی,2744
علی اكبر,ترابی,2746
محمدياسر,ترابی,2749
مسعود,ترابی,2751
حميدرضا,ترابی خالدي,2753
مقداد,ترابی كچوسنگی,2754
جمال الدين,تراز,2755
ابراهيم,ترك,9156
محمد,ترك زبان,2761
فاطمه,تركاشوندرحمتی,2758
مهدي,تركمان,2763
محمد,تركمان پري,2764
محمدابراهيم,تركمانی,2765
مسعود,تركمن,2767
خديجه,تركمنی,2768
پرويز,تركی,2769
هادي,تركی,2771
فاطمه,تركيان,2772
علی اكبر,تقربيان,2779
سيدحسين,تقوي,2782
سيدحميدرضا,تقوي,2783
سيدعلی اصغر,تقوي,2784
سيدمصطفی,تقوي,2786
مهدي,تقوي راد,2788
علی اصغر,تقوي,2789
فرزادتقوي,فرهی,2791
احسان,تقی زاده,2798
رحمان,تقی زاده,2811
فريد,تقی زاده,2812
مهران,تقی زاده,2814
كيوان,تقی زاده باروق,2815
علی اكبر,تقی,2816
محمدعلی,تقی مالئی,2818
پيمان,تقی پور,2794
محمدامين,تقی پور,2796
رضا,تقی پورانوري,2797
نيما,تكلو,2821
يارمحمد,تكلو,2822
ياسر,تك فلاح,2819
محمد,تميمی,2825
محمدمهدي,تندگويان,2827
مريم,تندگويان,2829
اعظم,تنهائی,2831
محسن,تنهائی,2832
احسان,توابی,2834
حميد,توافقی فاروجی,2835
پريسا,توانا,2836
جعفر,توانا,2837
مجتبی,توانگر,2838
اسماعيل,توپی,2839
حميد,توحيدي,2842
علی,توحيدي,2843
عبدالجواد,توحيدي مقدم,9238
محسن,تورانی,2844
محمداسماعيل,توسلی,2846
احمد,توكلی,2847
سعيد,توكلی,2849
عادل,توكلی,2852
علی,توكلی,2853
علی اصغر,توكلی,2854
محسن,توكلی,2856
محمدرضا,توكلی,2859
محمدسعيد,توكلی,2861
مهدي,توكلی,2862
مهرداد,توكلی,2863
امير,تيمورزاده,2865
محمدرضا,تيموري,2868
داريوش,تيموريان,2869
امير,ثابت محمدي,2873
مريم,ثابتی,2874
اميرحسين,ثابتی منفرد,2875
حسين,ثباتی,2876
مصطفی,ثبوت,9253
داود,جابري,2882
سارا,جابري,2883
محمد,جابري,2884
زهره,جابري زاده,2886
آمنه,جابري مطلق,2887
عليرضا,جاجرمی,2891
مسعود,جافرنوده,2893
علی,جان بخشی,2894
ريحانه,جان نثاري,2899
علی,جاندوست,2896
فرزانه,جاويدمهر,2915
آمنه,جاهدي,2914
بهروز,جباري,2918
مجتبی,جباري,2919
مجيد,جباري,2921
مجيد,جباري مستی شراهی,2924
محمدعلی,جديري فرشی,2932
ابوالقاسم,جراره,2936
علی,جعفرآباد,2937
سجاد,جعفرزاده,2939
روح اله,جعفرصالحی,2942
فرشاد,جعفروندنو,2943
احمدعلی,جعفري,9193
الهام,جعفري,2944
بابك,جعفري,2945
بهروز,جعفري,2946
پرويز,جعفري,2948
تقی,جعفري,2949
جلال,جعفري,2951
جميله,جعفري,2952
حسين,جعفري,2953
سجاد,جعفري,2955
سيداميررضا,جعفري,2957
سيدروح اله,جعفري,2958
سيدمحمدرضا,جعفري,2959
عبدالكريم,جعفري,9285
فرزانه,جعفري,2961
فرهاد,جعفري,2962
لعيا,جعفري,2963
محمدجعفر,جعفري,2965
سيدمحمدمهدي,جعفري شياده,2972
رضا,جعفري فر,2973
مهسا,جعفري فر,2974
بهزاد,جعفري محسن آباد,2975
حسين,جعفري مهر,2976
محمد,جعفريان جزي,2968
مهدي,جلالوند,2981
بی نظير,جلالی,2982
رضا,جلالی,2984
سيدعلی,جلالی,2985
سيدمحمدجواد,جلالی,2986
شاهين,جلالی,2987
عليرضا,جلالی,2988
مرجانه سادات,جلالی,2989
مهراد,جلالی,2991
علی اكبر,جلالی,2993
مهدي,جلالی مقدم,2994
عليرضا,جليل,2996
رضا,جليل زاده,2998
جعفر,جليل طهماسبی,3112
محمد,جليل فر,9213
زهرا,جليل وند,3113
مسعود,جليل وند,3114
سعيد,جليلی,3116
ابراهيم,جليلی ثانی,3118
حميد,جليلی راثی,3119
رونا,جليلی رواق,3121
حميد,جماعت,3122
عليرضا,جمالی,3125
فاطمه,جمالی,3126
عليرضا,جمالی زواره,3129
سيدعلی اكبر,جماليان,3127
روح,اله جماليان زاده,3128
جعفر,جمشيدي,3133
سيدعليرضا,جمشيدي,3134
فخري,جمشيدي,3135
فريد,جمشيدي,3136
محبوبه,جمشيدي,3137
محمدرضا,جمشيدي,3138
مينا,جمشيدي اوانكی,3141
ابوالفضل,جمشيدي فر,3142
حميدرضا,جمشيدي منش,3143
محمدعلی,جم زاد,3132
هومن,جنابی,3146
ابوالفضل,جنگی,3148
بهنازسادات,جوادي,3172
ربابه,جوادي,3173
سيدمحمد,جوادي,3174
سيده مهري,جوادي,3175
مجيد,جوادي,3176
محمدحسين,جوادي,3177
بابك,جوادي مجلج,3181
سعيد,جوان فكرشهري,3184
علی صمد,جوانمرد,3186
عاليه,جواهري,3188
حميده,جواهري طهرانی,3189
محسن,جودكی,3192
صمدرضا,جودكی ديناروندي,3193
هادي,جودوي,3194
هادي,جوكار,3195
احمد,جوالئی,3197
سيدمهدي,جوالئی,3198
عباس,جوهري,3211
محمد,جوهري,3212
محمدهادي,جهان بخش پور,3151
سعيد,جهان ديده,3155
حميد,جهان پناه,3152
نوبخت,جهان گرد,3159
سميه,جهانبانی وشاره,3149
كاظم,جهاندار,3153
ابراهيم,جهاندارملك آبادي,3154
سعيد,جهانديده,3156
شاهرخ,جهانشاهی,3158
مهرداد,جهانی,3168
مجتبی,جهانيان,3171
كيامرث,جهانگير,3161
محمد,جهانگيري,3162
ميثم,جهانگيري,3163
يحيی,جهانگيري,3164
عليرضا,جهانگيري ارفعی,3165
مهدي,جهانگيري صالح,9233
مجيد,جهانگيري مهر,3166
مهدي,چابك,9263
سعيد,چاقري فراهانی,3213
سيدمحمدرضا,چاوشی ها,3215
رضا,چراغی,3218
عصمت,چراغی دستنائی,3219
عبدالحميد,چريك,3221
مجتبی,چكنی,3226
همايون,چگنی,3227
علی,چگينی,3228
محسن,چگينی,3229
محمدحسين,چمران,3231
محمد,چمن لو,3233
مريم,چوپانی,3242
تينا,چهارسوقی امين,3238
مرتضی,چيت سازيان,3244
ابوالقاسم,چيذري,3245
ياسر,حاتم زاده دهبنه,3246
محمد,حاتمی,3247
محمدرضا,حاتمی,3248
محمد,حاج حسينی,3253
حسين,حاج عليمحمدي,3255
محمدرضا,حاج كاظم شيرازي,3256
حسين,حاجی ابراهيمی,3257
محمدجواد,حاجی ابوالقاسم دولابی,3258
سيدمحمدرضا,حاجی اصغري,3259
مريم,حاجی بابائی,3262
سيدمحسن,حاجی بابائيان اميري,3263
محمدرضا,حاجی باقري,3264
سعيد,حاجی بگلو,3265
مريم,حاجی تراب,3268
محمدجواد,حاجی حسينی,3269
علی,حاجی خانی,3272
علی,حاجی رجبی,3273
مرتضی,حاجی رحيمی,3274
محمدعلی,حاجی زاده,3279
مينا,حاجی زاده,3281
حسن,حاجی علی بيكی,3282
زهرا,حاجی علی بيكی,3283
سيدمحسن,حاجی محمدي,3287
محمدرضا,حاجی محمدي,3288
علی اكبر,حاجی,3291
حجت,حاجی محمدي يزدي,3289
اميررضا,حاجی مظفري,3293
اعظم,حاجی نسب رازليقی,3296
زهرا,حاجی نقيبعلی حصاري,3297
علیحاجی,پور,3266
مهدي,حاجيان,3261
احمد,حافظی گهر,3316
اميرمصطفی,حامدهاشمی,3317
محمد,حامدي نژاد,3319
فاطمه,حائري,9226
مجتبی,حائري,3321
حبيبی,حبيب اله,9272
رضا,حبيبی,3327
روزبه,حبيبی,3328
سارا,حبيبی,3329
سيداياز,حبيبی,3342
علی,حبيبی,3343
مهدي,حبيبی خراسانی,3345
رضا,حبيبی مرشت,3346
سيدمصطفی,حجازي,3347
مهدي,حجازي,3348
ناصر,حجازي,3349
زهرابيگم,حجازي زاده,3351
سيدامير,حجازي طاقانكی,3352
محمدجعفر,حجازي مهر,3353
محمدامين,حجتی كرمانی,3359
عليرضا,حداد,3361
منصور,حداد,3363
حميدرضا,حدادي,3365
ابوالفضل,حسن بيكی,3371
ابراهيم,حسن بيگی,3372
عليرضا,حسن زاده,3382
سعيد,حسن زاده سبلوئی,3384
خسرو,حسن لو,9255
معصومه,حسن نتاج جلودار,3387
رسول,حسن يزدي,3414
آيت,حسن پور,3373
حسينعلی,حسن پور,3374
غلامرضا,حسن پور,3375
محمد,حسن پورانزابی,3378
عباس,حسنعلی پورتميجانی,3385
مهدي,حسنوند,3394
ياسر,حسنوند,3395
بابك,حسنی,3398
هادي,حسنی,3413
علی,حسنی مريدانی,3415
زهرا,حسين آبادي,3418
مجاهد,حسين آبادي,3419
جواد,حسين اوغلی,3421
اميرحسين,حسين بيك,3422
فريبا,حسين خانی,3429
امير,حسين خانی اصل,3432
امين,حسين زاده,3438
محمدحسن,حسين زاده,9336
محمدحسن,حسين زاده,9244
محمدحسين,حسين زاده بحرينی,3439
مهدي,حسين زاده فخاري,3442
احمد,حسين زاده كشانی,3443
مجيد,حسين زادگان,3433
حميد,حسين لو,3448
ولی,حسين نژاداصل,3449
يوسف,حسين نژادخاكی,3451
پرويز,حسين نژادميان گفشه,3452
سعيد,حسين پور,3424
عباس,حسين پور,3425
منصور,حسين پور,3426
علی اكبر,حسين,3428
يونس,حسينعلی زاده,3446
رحمت,حسينقلی پور,3447
اصغر,حسينی,3453
اكرم,حسينی,3454
اميرحسين,حسينی,3455
جواد,حسينی,3457
سهراب,حسينی,3461
سيدابوالفضل,حسينی,3462
سيداميد,حسينی,3464
سيداميرعباس,حسينی,3465
سيدرضا,حسينی,3469
سيدعباس,حسينی,3474
سيدعباس,حسينی,3472
سيدعقيل,حسينی,3475
سيدعلی,حسينی,3479
سيدعلی,حسينی,3477
سيدعلی,حسينی,3481
سيدمحمدتقی,حسينی,3483
سيدمحمدرضا,حسينی,3487
سيدمحمدرضا,حسينی,3486
سيدمحمدرضا,حسينی,3485
سيدمحمدمهدي,حسينی,3488
سيدمحمدمهدي,حسينی,3489
سيدمحمدمهدي,حسينی,3491
علی اكبر,حسينی,3493
مجيد,حسينی,9287
محمد,حسينی,3494
منيره السادات,حسينی,3496
هدي,سادات حسينی,3497
حسينی اصفهانی,سيداحمد,3498
خورشيد,حسينی بجدنی,3513
سيده فاطمه,حسينی,3514
سيدولی,حسينی خسروي,9187
سيدعلی,حسينی سنگ نو,3519
سيدهادي,حسينی عباس آبادي,3521
سيدمهدي,حسينی فردشيخالر,3522
سيدجواد,حسينی قمی,3523
سيدحسين,حسينی كوكمري,3525
سيدعباس,حسينی لرگانی,3526
سيدمهدي,حسينی مدنی,3527
عليرضا,حسينی مقدم,3528
سيدعلی,حسينی منش,3529
نرجس سادات,حسينی,3531
سيدجواد,حسينيان,3511
محمدعلی,حسينيان,3512
داريوش,حشمت,3532
ناصر,حشمت مهربانی,3533
رضا,حصيرچی,3538
محبوب,حضرتی,3541
سوسن,حفيظی,3542
رمضان,حفيظی بارجين,3543
ريحانه,حقانی,3544
سيدافشين,حقی,3552
ناصر,حقی,3553
سجاد,حقی آبی,3554
محمد,حقيقت,3556
نويد,حقيقت نظر,9161
منصور,حقيقت پور,3557
ابوالفضل,حقيقی زاده,3561
محمد,حق خواه,3547
مريم,حق شناس,3548
حسين,حق نژاددوشانلو,3549
عادل,حق وردي,3551
حامد,حق پناهان,3546
میلاد,حكمت مهر,3564
رفعت,حكمت پور,3563
امين,حكيم,3566
حسين,حكيم اللهی,3568
منصور,حكيم منش,3571
سيدمهراب,حكيم پور,3569
هاجر,حكيمی,3573
محمدطاهر,حلاج شوشتري,3575
محمد,حلاجيان,3576
صادق,حمداله زاده,3577
حميد,حمزه اي,3579
حسن,حميدزاده,3585
حوريه,حميدي,3587
داور,حميدي,3588
سيدمحمدمهدي,حميدي,3589
محمد,حميدي راد,3591
محمدرضا,حميدي زاده,3592
محمد,حميدي نصر,3593
برومند,حياتی,3594
سجاد,حياتی,3595
ذبی اله,حيدرنژاد,9326
بهروز,حيدري,3598
حسين,حيدري,3599
حميده,حيدري,3612
داود,حيدري,3613
سيدعادل,حيدري,3614
شهرام,حيدري,3615
علی,حيدري,3617
علی,حيدري,3616
عليرضا,حيدري,3618
محمد,حيدري,3621
محمدرضا,حيدري,9241
محمدودود,حيدري,3622
مرتضی,حيدري,9223
مصطفی,حيدري,9323
مهدي,حيدري,3623
ميثم,حيدري,3624
اسماعيل,حيدري نژاد,3632
احمد,حيدري گوجانی,3629
محسن,حيدري گودرزي,3631
عباس,حيصمی,3635
سيدمرتضی,خاتمی,3637
محسن,خاتمی عقدا,3639
عليرضا,خادم علما,3641
افسانه,خادمی,3642
جواد,خادمی,3643
مسعود,خادمی,3644
ملوك,خادمی اشكذري,3645
رسول,خاقانی,3646
طيبه,خاك كرد,3653
عباس,خاكسار,3648
منصور,خاكسار,3649
معصومه,خاكشور,3652
مينو,خاكی,3655
فاطمه,خالصی,3657
قيصر,خالقی ام آباد,3659
مهدي,خالقی بفراجرد,3661
ابوالقاسم,خالقی زاده رستمی,3662
عليرضا,خامسيان,3664
احسان,خامنوي خيابانی,3665
احسان,خامه چی,3667
محمد,خان زاده,3674
فهيمه,خان محمدزاده,3681
حسن,خاندوزي,3672
كامران,خانعلی پورپشتهانی,3677
روح اله,خانی,3683
مرتضی,خائف,3685
مهدي,خبازيان,3687
حسن,خجسته باقرزاده,3691
علی,خدابخش,3695
عادل,خدادادي,3718
علی,خداشاهی,3719
طيبه,خداوردي,3721
حسين,خداوردي آرش,3722
حسن,خداورديان,3723
مهرداد,خداورديان,3724
ابوالفضل,خداويردي,3725
الهام,خداپرست,3712
سيامك,خداپرست سرشكه,3713
امير,خدري,3731
عباس,خرازي افرا,3735
ابوطالب,خراسانی,3736
محمدباقر,خراسانی,3738
احمد,خراسانی گرده كوهی,3739
محمدحسين,خرسند,3741
سجاد,خزائی,3749
فاطمه,خزاعی,3747
مصطفی,خسروانی,3756
سيدحامد,خسروانی شريعتی,3757
رضا,خسروي,3762
علی اصغر,خسروي,3764
محمدجعفر,خسروي,3765
محمدجواد,خسروي,3766
مرتضی,خسروي,3767
محمد,خسروي الغار,3769
سميه,خسروي فر,3772
علی,خسروي مقدم,3773
سيدابوذر,خضرائی افضلی,3776
داود,خضرائی وژده صادقی,3779
نواب,خضري,3782
علی,خضريان,3783
محمدمهدي,خطيبی,3785
غلامرضا,خلجی,3788
مهدي,خلفی,3789
سيروس,خليق فرد,3794
احسان,خليلی,3795
ايرج,خليلی,3796
زهراسادات,خليلی,3799
سميرا,خليلی,3811
عبدالرسول,خليلی,3812
حميرا,خليلی سامانی,3821
حسين,خليلی مرد,3822
محمود,خليلی نوش آبادي,3824
صادق,خليليان,3816
مهدي,خليليان,3817
سيدقاسم,خندانی,3829
محمد,خندق آبادي,3832
حسين,خنيفر,3833
مجتبی,خواجه,3834
جواد,خواجه تراب,9313
رضا,خواجه نورالدينی,3835
هادي,خواجوي,3836
كامران,خواسته,3837
سيدعلی اكبر,خوانساري,3842
محمدرضا,خوانساري,3843
حسين,خوب بخت,3844
روح اله,خورشيدوند,3847
عبداله,خورشيدي,3848
مهدي,خورشيدي بهزادي,3852
مرضيه,خورچه فراهانی,3846
مهين,خوش بخت پيشخانی,3853
مسلم,خوش بيان,3855
مريم,خوش نشين,3864
محمد,خوش چهره جمالی,3856
مينا,خوشدونی فراهانی,3858
محمود,خوشنويس,3866
زهير,خوشگو,3863
امير,خيبري فر,9297
مرتضی,خير,3867
حسن,خيرآبادي,3869
اميرمحمود,خيرخواه رحيم آباد,3873
گلشاد,خيري,3875
ايمان,خيري احمدآبادي,3876
علی,خيال,3877
علی,اصغر داداش نژاد,3882
پروين,دادانديش,3883
علی,دادي گيوشاد,3887
سعيد,دارائی,3896
عنايت اله,دارائی,3897
جواد,دارائی قاديكالئی,3898
سعيد,دارابی,3889
كاوه,دارابی,3892
محمد,دارابی,3893
مسلم,دارابی,3894
كورش,دالوند,3913
محمد,دالوند,3914
ايمان,دامرودي,3915
بهمن,دان,3916
سيدمحمدحسين,دانا,3917
حبيب رضا,دانش,3919
پريسا,دانشجو,3923
محمدحسين,دانشيار,3924
افسانه,داننده,3925
قاسم,داودي,3928
محمدمهدي,داودپوردهكردي,3926
بابا,داوردان,3934
محسن,داورزنی,3935
عارف,داوري,3936
محمدصادق,داوري,3937
سارا,دائی چين,3938
سيده مرجان,دبيري,3943
مريم,دخيلی,3944
حميدرضا,دربان,3945
عليرضا,درخش,3948
نيكی,درزيان,3952
حسام,درشمالی,3953
طاهر,درگاه مهربانی,3954
صالح,درگاهی,3955
حجت اله,درويش,3957
علی,اكبر درويشی,3962
علی,اكبر درويشی,3961
مراد,درويشی,3963
حسين,دري,3964
رضا,دزواره رسنانی,3967
علی,دست باز,9234
حسين,دستوري,3971
عليرضا,دشتانی,3972
سيدضياء,دشتكی,3973
مهرداد,دشتی الهيجانی,3977
سيدوحيد,دشتيان مقدم,3976
حسين,دعاگو,3978
سيداميرحسين,دفين,3981
اميرهوشنگ,دقايقی,3982
مصطفی,دالورپوراقدم,3983
سيدحميدرضا,دلبري,3986
محمدابراهيم,دلزنده ندامانی,3989
جلال,دلقندي,3992
احمد,دليريان,3994
انوشيروان,دليريان,3995
ساناز,دليلی,3996
اسماعيل,دل زنده ندامانی,3988
فرهاد,دمشقی,3997
ناهيد,دميرچی,3998
مجتبی,دوروديان,4144
خالق,دوستان,4145
اسمعيل,دوستی,4147
احسان,دولتی,4148
ايمان,دهاقين,4112
حميدرضا,دهداري,4114
علی,دهداري,4115
محمدرضا,دهقان بنادكی,4119
زهرا,دهقان حدادان,4123
اكبر,دهقان نژاد,4126
سوسن,دهقانی,4131
محسن,دهقانی,4132
محمود,دهقانی,4133
مهدي,دهقانی تفتی,4135
ناهيد,دهقانی شهرابی,4136
علی,دهقانی فيروزآبادي,4137
محمدجواد,دهقانی فيروزآبادي,4138
مهدي,دهقانپور,4121
محمدحسين,دهقانپورفراشاه,4122
مهدي,دهمرده,4139
سيدمحسن,دهنوي,4142
سعيد,ده دلی,4117
اميرهوشنگ,ده پور,4113
مهدي,ديلم صالحی,4154
حسين,دين محمدي,4158
راضيه,ديندارلو,4157
احمد,ديوانی,4159
علی اصغر,ديوسالار,4161
عليرضا,ذاكرانی,4163
مجيد,ذاكرحسينی,4165
ناديه,ذاكرحسينی,4166
احسان,ذاكرنيا,4167
ساحل,ذبيح پورمالكال,4169
معصومه,ذبيحی,4171
هادي,ذكاءدادگستر,4172
مقداد,ذكی زاده پشت مساري,4173
پروين,ذوالفقاري,4175
سيدمجيد,ذوالفقاري,4176
مجيد,ذوالفقاري,4177
محمدحسين,ذوالفقاري,4179
مهدي,ذوالفقاري,4181
رضا,ذوالفقاري امامه,4183
رضا,ذوالقدر,4184
اسماء,راحمی اردكانی,4189
داريوش,رادين,4191
عليرضا,رازقی,4192
الهه,راستگو,4193
مهدي,راسخی,4195
عبدالرضا,راشد,9259
محمدرضا,راشدي فرد,4196
عبدالمجيد,راه پيما,4198
محمدباقر,رائين آبرومند,9174
ابوالفضل,رباطی,4211
طاهره,ربانی بيدرونی,4213
عبدالحميد,ربيع نيا,4215
بهزاد,ربيعی,4217
محمدرضا,ربيعی طرئی,4219
اشكان,رجائی,4221
سيدصدراله,رجايی نسب,4223
حسين,رجب بلوكات,4224
محسن,رجب بلوكات,4225
علی,رجب زاده آلمالو,4226
مصطفی,رجب لو,4227
خديجه,رجبی,4229
سعيد,رجبی,4231
علی,رجبی,4232
مريم,رجبی,4234
مهدي,رجبی,4235
سجاد,رجبی جلال,4236
مريم,رجبی دهكی,4237
مريم,رجبی عراقی,4239
ابوالفضل,رجوانی,4243
فاطمه,رحمان,4244
مجتبی,رحمان دوست,4246
اميرمحمد,رحمانی,4248
مجيد,رحمانی,4251
نعيمه,رحمانی,4253
زهرا,رحمانی زاده,4257
حسين,رحمانی مهر,9278
نوشين,رحمانيان,4254
امين,رحمت خواه فردجهرمی,4259
حشمت اله,رحمتی,4261
سميه,رحمتی,4262
محسن,رحمتی,4264
مرتضی,رحمتی كچومثقالی,4268
رضوان,رحمتی پور,4267
حسين,رحمن,4271
رحمن,رحمن زاد,4272
ابوالفضل,رحيمی,4275
اميرحسين,رحيمی,9232
زليخا,رحيمی,4276
عباس,رحيمی,4277
علی,رحيمی,4278
علی اكبر,رحيمی,4279
عيسی,رحيمی,4281
غياث الدين,رحيمی,4282
محمدطاهر,رحيمی,4283
مريم,رحيمی,4284
معصومه,رحيمی,4285
مهدي,رحيمی,4286
محمدابراهيم,رحيمی اخته چی,4288
مهدي,رحيمی اشتري,4289
حميد,رحيمی شهيد,9194
میلاد,رحيمی عقدا,4297
سيدرحيم,رحيمی فرد,4298
ياسين,رحيمی چاكدل,4295
الهام,رحيميان,4291
ياسر,رحيميان,4292
علی,رحيميان حق دوست,4293
اسداهلل,رزاق زاده,4314
سيدماشااله,رزاقی مقدم نشلجی,4316
علی,رزم آور,4317
محمدرضا,رزمخواه,4318
شهاب,رزمی,4319
حسن,رزميان مقدم,4322
اميد,رسا,4323
حميد,رسائی,4325
رحيم,رستم زاده آقاباقر,4329
حسين,رستمی,4331
داود,رستمی,4332
علی,رستمی,4334
عليرضا,رستمی,4335
فاطمه,رستمی,4336
فريدون,رستمی,4337
محسن,رستمی,4338
محمد,رستمی,4339
محمدباقر,رستمی,4341
محمدحسين,رستمی,4342
هادي,رستمی حسينخانی,4345
عليرضا,رستمی ملك آبادي,4347
حسن,رسته,4348
سعيد,رستگاراديب,4326
سيدمحمدجواد,رستگاررامشه,4327
محمدباقر,رستگارمهجن آبادي,9169
عزيزاله,رسول زاده,4349
علی,رسول زاده فرساد,4351
ابراهيم,رسولی,4352
احسان,رسولی,4353
اميرابراهيم,رسولی,9249
حسن,رسولی,4354
حسين,رسولی,4355
ناصر,رسولی,4357
نبی اله,رسولی,4359
خليل,رسولی نادرگلی,4363
سيدمحمدجواد,رسولی نژاد,9198
سيدپويا,رسولی نژاد,4364
حبيب,رشادي,4365
افشين,رشيدي,4369
اميرحسين,رشيدي,4371
بهروز,رشيدي,4372
محمدحافظ,رشيدي,4375
محمدحسين,رشيدي احمدآبادي,4376
مهدي,رشيدي النگهء,4377
سيدمحمدصادق,رشيدي فرد,4379
سيمين,رشيدي فرد,4381
بهرام,رشيدي نيا,4382
اميرعباس,رضائی,4399
جعفر,رضائی,4412
حبيب,رضائی,9214
رضا,رضائی,4415
زهرا,رضائی,4416
سامان,رضائی,4417
عباس,رضائی,4421
علی,رضائی,4425
علی,رضائی,4424
لیلا,رضائی,4431
محسن,رضائی,4432
محمد,رضائی,4435
محمد,رضائی,4436
محمد,رضائی,4437
محمدرضا,رضائی,9229
محمدعلی,رضائی,4451
مينا,رضائی,4458
وحيد,رضائی,4461
هاشم,رضائی,4459
يداله,رضائی,4462
ايرج,رضائی تكبالغ,4469
سيدمجتبی,رضائی ثانی,4471
عزيز,رضائی خليل آباد,4474
محسن,رضائی صدرآبادي,4475
آرزو,رضائی عادل,4476
حبيب اله,رضائی,4479
فاطمه,رضائی ملك خيلی,4481
حميد,رضائی نژاد,4482
محمد,رضائی هابيل,4484
سياوش,رضائی پور,4468
سيف اهلل,رضائی,4473
نورالدين,رضائيان,4464
مجتبی,رضاخواه,4387
محمود,رضاروزبهانی,4388
حسين,رضازاده,4391
اسماعيل,رضازاده بلگوري,4392
علی,رضازاده ويشكائی,4394
عبدالرضا,رضانژادزيده سرائی,4395
علی اكبر,رضاپور,4384
كوروش,رضاپورگتابی,4385
رضوانی,روح اله,4486
غلامحسين,رضوانی,4487
محمدرضا,رضوانی,4489
داريوش,رضوانی بروجنی,4491
مهدي,رضوانی تبار,4492
سمانه سادات,رضوي,4495
سيداميد,رضوي,4496
ياسر,رفيع,4514
هادي,رفيع پور,4516
ابوالقاسم,رفيعی,4517
حجت اهلل,رفيعی,4518
سميه,رفيعی,4519
سيدمهدي,رفيعی راد,4523
حامد,رفيعی منفرد,4524
زينب السادات,رفيعی,4522
كيوان,رفيعيان,4521
اعظم,رقيمی,4526
مجيد,رقيمی,4527
حسين,رمادان,4528
علی,رمضان زاده,4533
زهرا,رمضان پورگليرد,4531
صفی اله,رمضانخانی,4532
اعظم,رمضانی,4534
اميررضا,رمضانی,4535
عليرضا,رمضانی,4538
فريدون,رمضانی,4539
محمدكاظم,رمضانی,4541
ميترا,رمضانی,4542
نورالدين,رمضانی,4544
علی آرش,رناسی,4548
مهري,رنج بردار,4557
اشكان,رنجبر,4549
سعيد,رنجبر,4552
فاطمه,رنجبر,4553
ميكائيل,رنجبر,4556
ياسر,رنجی بر,4559
حميد,رواسی كاشانی,4576
علی,روتيوندغياثوند,4577
عبدالحسين,روح االمينی نجف آبادي,4578
محبوبه,روح اله ئی,4579
ابوالفضل,روحانی,4581
سيدمحمدحسين,روحانی,4582
هومان,روحانی,4584
اميد,روحانی منش,4585
امير,روحی صفت,4587
ياسر,رودگر,4593
علی,روزبهانی,4595
محمدمهدي,روزبهی,4596
روح اله,روزمهر,9155
ميثم,روزگرد,4597
رضا,روشنی,4613
فاطمه,روشنی,4614
ناصر,روشنی,4615
محسن,روغن گرها,4616
ابراهيم,روهانی,9247
محمد,رويانيان,4618
هاشم,رهامين,4561
عباسعلی,رهبر,4562
مصطفی,رهبري,4565
جواد,رهبري سلوط,4566
اسماعيل,رهدار,4569
سالار,رهنما,4571
مريم,رهنما,4572
هوشنگ,رهنما,4573
محمدمهدي,رياحی,4619
مجيد,رياحی پور,4621
سعيد,رئوفی,4628
سيدابوالقاسم,رئوفيان,4629
مسعود,رئيس كاظمی,4624
محمدعلی,رئيسی,4627
سعيد,زادسر,4632
تورج,زادولی,4636
حسين,زارع,4637
عبدالحسين,زارع,4641
علی,زارع,4642
علی اصغر,زارع,4643
محمدرضا,زارع,4645
محمدصادق,زارع,4647
میلاد,زارع,4649
مسعود,زارع دار,4654
محمدحسن,زارع زردينی,4656
مجيد,زارع فرد,4657
محمد,زارع محمدخانی,4659
كاظم,زارع نديكی,4661
مجتبی,زارع نيستانكی,4663
محسن,زارعان,4651
امير,زارعی,4665
جلال,زارعی,4667
جهان,زارعی,4668
غلام محمد,زارعی,9264
مجتبی,زارعی,4671
حسين,زارعی هنزكی,4675
امير,زاغيان,4676
محمود,زال نژاد,4677
وحيد,زاهدي اردستانی,4678
اسمعيل,زائرغالمی,4681
معصومه,زائري بصير,4682
سيديعقوب,زراعت كيش,4686
محمدرضا,زرباف سالك,4687
حسين,زرقانی,4688
طاهره,زرنگار,4691
فاطمه,زرين ماه,4694
آرمان,زعفري جتانی,4697
جلال,زكی,4699
رضا,زكی زاده,4712
رسول,زكی پوركرگانی,4711
محمدهادي,زمان زاده,9211
اصغر,زمانی,4715
اميررضا,زمانی,4716
بهمن,زمانی,4717
رضا,زمانی,4718
شهرداد,زمانی,9332
عليرضا,زمانی خطيبی,4722
عباس,زمانی فر,4723
محمد,زمانيان,4719
حسين,زندالوند,4728
سعيد,زنده روح كرمانی,4731
سعيد,زندي,4733
محمدصالح,زندي,4736
مصطفی,زندي,4737
الياس,زندي دره غريبی,4739
حسين,زنگباري,4742
ايمان,زنگنه,4743
فريده,زنگنه,4744
محمدعلی,زنگنه كرمانشاهی,4746
حميدرضا,زهرائی محمدآبادي,4751
احمد,زهره وند,4752
محمود,زيار,4753
مهدي,زيرك شندي,4756
مهدي,زينالو,4759
سعيد,زينتی,4762
سيده منور,زينی,4764
مسعود,زيوري اخلاص,4765
هنگامه,زيوري محمدپور,4766
غلامحسن,ساجدي آبكنار,4769
جميله,سادات الحسينی,4771
اعظم,ساربانی,4773
فرشاد,سارجالوئی,4774
علی,ساروخانی,4775
خاطره,ساري,4776
محمدحسين,ساري اصلانی,4778
بشير,سازگار,4779
محمود,ساسانی,4781
عليرضا,ساعد,4783
زهرا,ساعی,4787
محمدحسين,ساعی,4788
عليرضا,سالار,4789
اسفنديار,سالاروند,4792
رضا,سالاروند,4793
ولی اله,سالاروند,4794
داود,سالاري,4795
عزيزاهلل,سالاري,4796
عبدالكريم,سالكی,9318
علی,سالمی گلعذانی,4813
وحيد,سامنی,4814
زهرا,سانكهن,4815
ابوالفضل,سبحانی,4816
سيدمجيد,سبحانی,4818
ياسر,سبحانی فرد,4821
هادي,سبحانی نيا,4823
ناصر,سبعی,4826
عليرضا,سبوحی,4827
حسين,سپهري,4831
خيرالنساء,سپهري,4832
مرضيه,ستاره اي,4835
بهرام,ستاري دستنائی,9163
اميرحسين,ستاريان,4836
سروش,ستوده,4837
رضا,ستوده فركوش,4838
محسن,ستوده قصبه,4839
اشرف,ستون زاده,4844
سيدحبيب,سجادي,4845
سيدحيدر,سجادي,4846
سيدعلی,سجادي,4847
حسين,سجادي فر,4852
سيدمحمد,سجادي منفرد,4855
مريم,سجاديان,4851
احمد,سحرفكر,4858
محمد,سخائی,4859
نورالهدي,سخن گو,4863
مهدي,سخندان,4862
علی اكبر,سراج,4865
محمد,سراج,4866
محمود,سرايانی بهابادي,4868
مسعود,سرپاك,4869
احمد,سرخوش,4871
رقيه,سرشكی,4875
ناصر,سرگزي,4876
بهمن,سرلك,4877
سجاد,سرلك,4878
عباس,سرلك چيوائی,4881
لیلا,سرور,4883
علی,سروش,9283
رضا,سروندي,4885
محمدرضا,سزاوار,4886
عبدالمجيد,سعادت نژاد,4892
سميرا,سعادتی,4893
محمدرضا,سعادتی,9311
رضا,سعيدمحمدي,4895
اميرحامد,سعيدي,4896
حميد,سعيدي,4897
خيراله,سعيدي,4898
شاهرخ,سعيدي,4911
لیلا,سعيدي,4912
محمد,سعيدي,4913
محمد,سعيدي,4914
محمدرضا,سعيدي,4916
مصطفی,سعيدي,4917
كاظم,سعيدي ابواسحقی,4919
سيدابراهيم,سعيدي اردبيلی,4921
اميرحسين,سعيدي دهاقانی,4923
ايرج,سفلی شاهوردي,4925
ايرج,سفيري,4926
فرشته,سقاء,4928
حسين,سقط كارخوشحال,4931
سيدمجيد,سالمتی,4934
اميرهوشنگ,سلحشورنيا,4935
حسين,سلطان محمدي,4937
علی,سلطانی,4939
عين اله,سلطانی,4941
محمدحسين,سلطانی,4942
احسان,سلطانی فر,4946
علی اكبر,سلطانی,4952
سكينه,سلطانی گاويجانی,4947
قدرت اله,سلطانی,4948
سيدمحسن,سلطانيان,4945
حجت اهلل,سلگی,4953
ذات,اله سلمان پوراحمدي,4954
عباس,سلمان پورسهی,4955
مصطفی,سلمانی,4956
الهه,سلمانی جاجائی,4957
اسلام,سليمان زاده,4961
توحيد,سليمان زاده,4962
حسن,سليمان پور,4958
صديقه,سليمان پور,4959
احسان,سليمانی,4963
محمدعلی,سليمانی,4964
حسين,سليمانی سوادكوهی,4968
مسعود,سليمانی نژاد,4972
ولی,سليمانی ورنياب,9218
محسن,سليمانيه,4973
عليرضا,سليمانگلی,9289
جلال الدين,سليمی,4974
حميد,سليمی,4975
طاهره,سليمی,4976
علی اكبر,سليمی,4977
عليرضا,سليمی,4978
فرهاد,سليمی,4979
هاجر,سليمی,4983
محمد,سليمی افجانی,4985
حسين,سماك امين,4986
حميدرضا,سماك نژاد,4987
ياسمن,سماواتی,9225
بهنام,سميع,4989
محسن,سميعیالموتی,4991
حسين,سميعی زفرقندي,4993
غلامرضا,سنجابی,4994
ناصر,سنجري ده شيخ,4996
محمد,سنقري,4998
اميرحسين,سنگكی,5114
علی,سوري,5129
معصومه,سوري,5132
مراد,سوري لكی,5134
ابراهيم,سهرابی,5115
احمدرضا,سهرابی,5116
افسانه,سهرابی,5117
حسين,سهرابی,5118
عليرضا,سهرابی,5121
يزدان,سهرابی فرد,5123
زهراسادات,سهروردي,5124
مرتضی,سهندي,5126
عبدالرضا,سهيل نقشی,5127
عليرضا,سياح,5136
سيداحمد,سيادتی,5137
محمد,سياري زاده,5138
سيدمحسن,سياوش,5141
علی اكبر,سيبويه,5143
سعيد,سيدآقابنی هاشمی,5144
سيدمهدي,سيدبابائی,5145
احسان,سيدجعفري اوليائی نژاد,5146
محمد,سيدحسن طهرانی,5147
سيده لیلا,سيدحسينی,5148
سيدكمال,الدين سيدريحانی,5149
ميرغنی,سيدصومعه,9182
مهدي,سيدعلی,5155
احمد,سيدمحمدعلی رودكی,5158
سيدابوالفضل,سيدمحمدي,5159
سيدمهدي,سيدمرتضی حسينی,5161
سيده فاطمه,سيدهاشمی,5162
سيدجمال,سيدي,5164
سيدروح اله,سيدي,5165
سيدمظفر,سيدي,5166
سيدعلی,سيدي مفرد,5168
سيدآصف,سيدين,5169
سيدبهنام,سيدين,5171
زهرا,سيف,5174
شيرين,سيف,5175
حميدرضا,سيفی,5176
سيدفرزاد,سيفی,5178
مهدي,سيفی,5181
مهدي,سيفی,5179
سيدمهرداد,سيفی تيزابی,5182
شهين,سيمياري,5183
خسرو,سيمين نژاد,5184
سورناز,شادي زرنق,5188
بابك,شاطرانلو,5189
اقبال,شاكري,5193
امين,شاكري,5194
محمدزمان,شاكري,5195
عباس,شاكري داريان,5197
اسمعيل,شامانی,5198
ابوالفضل,شاه آبادي,5214
حميد,شاه آبادي,5215
علی رضا,شاه حسينی,5221
محمدرضا,شاه حسينی,5223
احمدرضا,شاه علی,5234
خديجه,شاه محمدي,5236
محسن,شاه محمدي,5237
نسرين,شاه محمديان,5238
نويد,شاهمرادي,5239
حسين,شاه نظري اول,5241
شاهين,شاهبازپورشهبازي,5217
سمانه,شاهدخواه,5225
رقيه,شاهرخی,5227
سيدحامد,شاهرخی,5228
سيدوحيد,شاهرخی,5229
ميثم,شاهرودي,5231
پرويز,شاهرودي كلور,9275
سوره,شاهعلی زاده بايرام بدن,5235
حسين,شاهوي,5243
زيبا,شاهی,5244
محمود,شاهينی,5246
وحيدرضا,شاهينی,5247
افسانه,شايسته,5248
رضا,شايسته فرد,5249
فاضل,شايسته نيا,5253
مصطفی,شايق,9312
مهدي,شايق,5254
كبري,شبان قوچان عتيق,5256
نعمت,شبانی,5257
سيدامين,شبيري,9228
محمدعلی,شبيري,5259
زين العابدين,شجاع,5262
احمد,شجاعی باغينی,5266
مريم,شجاعيان,5264
مهرداد,شجاعيان,5265
محمداسمعيل,شجري,5271
الهه,شجيعی نيا,5272
عباس,شخصی ميبدي,9299
زهراء,شرفی,5275
علی,شركت,5276
جعفر,شري زاده,5277
مصطفی,شريعت,5278
احسان,شريعت بهادري,5279
حميدرضا,شريعت نژاد,5285
احمد,شريعتمدار,5284
ثريا,شريعتی,5287
محبوب,شريعتی,5288
سيدمحمد,شريعتی فرد,5289
مالك,شريعتی نياسر,5292
مجتبی,شريعتی نياسر,5293
علی,شريف زاده,5296
احسان,شريفی,5297
ناصر,شريفی,5311
حسين,شريفی جزه,5315
سميه,شريفی سفيدي,5316
محمد,شريفی مقدم,5319
عليرضا,شريفی نژاد,9291
محمدمهدي,شريفيان,5312
مهدي,شريفيان,5313
ضياءالدين,شعاعی,5322
مجتبی,شعبان زاده,5324
مرتضی,شعبان نژادخاص,5325
فاطمه,شعبانی فردوئی,5332
احسان,شعبانيان,5328
محمدعلی,شعبانپور,5323
الهه,شفعتی,5334
محمدحسن,شفق,5335
ميررضا,شفيع پور,5336
اكبر,شفيعی,5337
علی اصغر,شفيعی,5341
سونيا,شفيقی,5344
اعظم,شكاري شهرك,5345
روح اله,شكري,5352
سعداله,شكري,5354
محمدرضا,شكري,5355
علی اكبر,شكيب,5359
محمدصادق,شكيباامين,5358
علی,شماعی,5361
پژمان,شمس,5362
رضا,شمس,5364
عباس,شمس,5366
فاطمه,شمس,5367
مهدي,شمس آبادي زاده,9265
پيام,شمس الدينی دهنوي,5371
عباس,شمس الله زاده,5372
سميه,شمس ناتري,5376
هادي,شمسائی,5374
حجت,شمسی,5377
سيدحميد,شمسی نژاد,5379
مصطفی,شوكتی اصل,5428
فريد,شهاب,5383
علی,شهابی نسب,5385
حميد,شهبازي,5386
سيدوحيد,شهبازي,5387
محمدرضا,شهبازي,5388
محمد,شهرابی فراهانی,5392
مليحه,شهرابی فراهانی,5393
مهدي,شهرابی فراهانی,5394
عليرضا,شهرجردي,5396
محمدكريم,شهرزاد,5397
مهدي,شهرزاد,5398
محمد,شهركی,5399
محمدعلی,شهركی,5412
حميدرضا,شهروي,5414
جعفر,شهري,5415
مصطفی,شهسواري,5419
مهدي,شهنازي جنگ تپه,5423
سيدمهدي,شهيدي,5424
بتول,شيخ,5431
مهدي,شيخ,5433
علی,شيخ اردبيلی,5434
انسيه,شيخ بك لواسلام,5436
سميه,شيخ بوجانی,5437
ايمان,شيخ زاده,5438
عليرضا,شيخ زاده,5441
داود,شيخ نژاد,5443
سميه,شيخی,5446
كورش,شيخی,5447
محمد,شيخی,5448
محسن,شيخی آرام,5451
سعيد,شيرازي,5453
عادل,شيرازي,5455
اميرحسين,شيرازي مطلق,5458
محمدمهدي,شيرازي مقدم,5459
كريم,شيران,5463
پيمان,شيراوند,9154
مصطفی,شيرخانی قادي,5465
عظيم,شيردلی,5466
محمدرضا,شيرزادخانی,5469
رضا,شيرزاديان,5473
نويد,شيرمحمد,5476
يزدان,شيرمحمدي,5478
محمدعلی,شيري,5482
هادي,شيري قوجه بيگلو,5483
محمدعلی,شيرينی,5486
منوچهر,صابر,5487
ابراهيم,صابري نژاد,5489
محمدجواد,صاحبدل,5491
شهرام,صادر,5493
يونس,صادق,5494
سيدرضا,صادق زاده,5497
مرتضی,صادق نژاد,5512
افسانه,صادقی,5513
اميد,صادقی,5514
بهاره,صادقی,5516
حسن,صادقی,5517
حسن,صادقی,5518
داود,صادقی,5521
علی,صادقی,5526
علی اكبر,صادقی,5527
عليرضا,صادقی,5528
محمد,صادقی,5534
محمدعلی,صادقی,5535
محمود,صادقی,5536
معصومه,صادقی,5537
يداله,صادقی,5539
محمدمهدي,صادقی اصل,5541
منوچهر,صادقی برزليقی,9179
حسين,صادقی شهميرزادي,5543
شاهين,صادقی نسب,5563
محسن,صادقی نسب,5564
مجتبی,صادقی گنجه,5562
سعيد,صارمی,5568
امير,صارمپور,5565
فريده,صاعلی,5569
حسين,صالح,5572
داود,صالح فكرعربانی,5574
كريم,صالح كندري,5575
اميرحسين,صالحی,5576
حسن,صالحی,5579
محسن,صالحی,5581
محمدحسن,صالحی,5584
احمد,صالحی آرا,5587
نوراله,صالحی اسفيجی,5589
مهدي,صالحی باروق,5591
ليزا,صالحی تبار,5592
سيدكميل,صالحی كمامردخی,5595
محمد,صالحی چلچه,5593
سعيد,صائمی,5597
مهدي,صباحی,5598
نگار,صباحی,5611
ناصر,صباغ نيا,5612
مژگان,صبري,5615
بهمن,صبور,5616
رضا,صبوري,5618
علی,صبوري,5619
شيرين,صبوري دولق,5621
سيدحسن,صحت,5623
رضا,صحرائی,5625
سيدمهدي,صحيح النسب,5626
حميدرضا,صداقت جوء,5628
محبوبه,صداقت پور,5627
علی,صدر,5632
محمدمهدي,صدرمحتشم,5633
ناصر,صدرممتاز,5634
سيدحسين,صدري,5635
میلاد,صدري هريس,5636
سيدحسن,صدوق,5637
محمد,صديق,5638
سميه,صديقی,5639
محمدجواد,صديقی,5641
مرتضی,صديقی كردي,5644
محمدحسن,صديقيان,5642
حميدرضا,صديقيان راد,5643
سعيد,صرفی,5645
سهيلا,صفائی,5655
مجتبی,صفائی,5657
احمد,صفائی فر,5658
جواد,صفائی نائينی,5659
مرتضی,صفابخش,5647
مريم,صفاران,5648
سمانه,صفارانی,5649
اسماعيل,صفاري,5651
حامد,صفاري,5652
غلامرضا,صفدري,5661
معصومه,صفدري,5662
مهدي,صفدري,5663
حسن,صفرخانی,5669
حسين,صفرخانی,5671
اسمعيل,صفرخانی مؤذنی,5672
اكرم,صفري,5676
حسن,صفري,5677
رضا,صفري,5679
شكراله,صفري,5681
محمد,صفري,5682
محمدعلی,صفري,5684
علی مراد,صفري,5685
عليرضا,صفري دانالو,5687
موسی,صفري سادات محله,5688
عبدالرحيم,صفري فرشچی,5689
حبيب اله,صفی,5693
فاطمه,صلواتيها,5696
علی,صمدزاده,5698
بهمن,صمدي,5699
مصطفی,صمدي,5712
حسن,صمدي تنيانی,5713
شهرام,صمدي سپهري,5714
حسين,صمصامی مزرعه آخوند,5715
اميرحسين,صنايعی,5716
عليرضا,صنيعی كلكوئی,5717
امير,صوفی,5718
صمد,صولت,5719
مهدي,صيادشيرازي,5723
زينب,صيامی,5725
رضا,صيدخانی,5727
ابراهيم,صيدي پيري,5728
محسن,صيقلی,5729
امير,ضرابی فرد,5732
علی حسين,ضرغام,5733
زهره,ضياءالملكی,5734
حسينعلی,ضيائی,5735
حميدرضا,ضيائی,5736
غلام رضا,ضيائی,5738
حجت,اله طارمی,5739
داود,طاعتی,5742
محمدتقی,طاالري,5743
سيدمصطفی,طالب ركنی,5744
سيدمحمدامين,طالب شهرستانی,5745
بهنام,طالبی,5746
جمشيد,طالبی,5747
حسن,طالبی,5749
حسين,طالبی,5751
سهيلا,طالبی,5752
عباسعلی,طالبی,5753
علی,طالبی,5754
فرامرز,طالبی,5755
مجيد,طالبی,5756
علی,طالبی بجندي,5761
محمد,طاهانژاد,5763
حميدرضا,طاهرخانی,5766
علی,طاهرخانی,9157
فريبرز,طاهرزاده دورباطی,5768
فرشاد,طاهرنژاد,5769
رضا,طاهري,5771
زهرا,طاهري,5773
سعيد,طاهري,5774
سيدمحمدصادق,طاهري,5775
عطاءاله,طاهري,5776
علی ضرغام,طاهري,5779
عليرضا,طاهري,9192
مسعود,طاهري ده لر,5784
ابراهيم,طاهري نمهيل,5786
علی,طاهري يگانه,5785
محسن,طاهريان طبسی,5782
مجتبی,طاهريانفر,5783
فرشاد,طاهرپور,5764
علی,طباخ,5788
حسام الدين,طباطبائی,5789
سيدمحمدرضا,طباطبائی,5792
سيدصدرا,طباطبائی راد,5793
محمد,طباطبائی قمی,5794
سيدمحمدرضا,طباطبائی ندوشن,9254
زهره,طبيب زاده نوري,5798
معصومه,طبيبی,5799
غلامرضا,طربی,5811
محمد,طرالنی,5812
علی,طريقی محمود,5813
طيبه,طغيانی ريزي,5814
مهدي,طليمی,5817
اميرحسين,طواف,5825
پري ناز,طوطی,5826
علی,طهرانی مقدم,9246
جعفر,طهماسبی,5819
مهران,طهماسبی,5823
مهرزاد,طهيري,5824
نادر,طيب,5828
زينب,طيبی,5829
سعيد,طيبی ميگونی,5832
حجت,طيران,5833
علی,طيران,5834
مجيد,طيران,5835
زهرا,ظريفی,5837
سيدمرتضی,ظريفيان كامياب,5838
ابوالفضل,ظهره وند,5839
حسين,ظهوري فرد,5841
عابد,عابدزاده,5842
رامين,عابدي,5843
سيدمحمدمهدي,عابدي,5844
عفيفه,عابدي,5845
فرهاد,عابدي,5846
محمدكريم,عابدي,5847
اسحق,عابدي خلوت,9286
رسول,عابدينی,5851
زهرا,عابدينی,5852
سعيد,عابدينی,5853
محسن,عابدينی,5854
حميد,عادلی,9321
سيدرضا,عادلی,5859
محمداسمعيل,عارف نسب,5861
احد,عارفی نهاد,5862
مريم,عاشق معال,5863
نغمه,عاطف زاهد,5864
لطفعلی,عاقلی,5865
حليمه,عالی,5866
احسان,عامري,5867
احمد,عامري,5868
محمدجواد,عامري شهرابی,5872
ندا,عاملی,5873
حسين,عبادتی,5874
مريم,عبادي حسن آبادي,5875
مهدي,عبادي شهريور,5877
زينب,عبادي فردوئی,5878
علی,عبادي فردوئی,5879
وحيد,عبادي واال,5881
اكبر,عباس زاده,5889
حسن,عباس زاده,5891
زهرا,عباس زاده تاالرپشتی,5893
سيدمحمد,عباس نيا,5898
محمدجواد,عباس پور,5883
مرتضی,عباس پور,5884
ولی,عباس پور,5886
علی,عباس پورطهرانی فرد,5887
محبوبه,عباسقلی نياورانی,5895
حامد,عباسی,5911
حسين,عباسی,5912
حميدرضا,عباسی,5913
رضا,عباسی,5914
زهرا,عباسی,5915
سيف اله,عباسی,5917
شمسی,عباسی,9151
عليرضا,عباسی,5919
محمد,عباسی,5923
محمدرضا,عباسی,5924
مصيب,عباسی,5925
وحيد,عباسی,5926
يوسف,عباسی,5927
امير,عباسی ديرثق,5933
احمد,عباسی فرد,5935
فرشاد,عباسی فرد,5936
سيداحدالدين,عباسی كومله,9162
مسعود,عباسی منش,5939
محمود,عباسی گماسائی,5937
نوراله,عباسيان,5928
علی,عباسيان آرانی,5929
فاطمه,عبدالجباري,5943
حسن,عبدالرضائی,5946
سيدمجيد,عبدالصالحی,5947
ابوالقاسم,عبدالكريمی,9184
حسين,عبداللهی,5968
حميد,عبداللهی,5969
عباسعلی,عبداللهی,5971
علی,عبداللهی,5972
عباس,عبداللهی اشينه,5974
حسين,عبداللهی درآباد,5977
محسن,عبداللهی علويجه,5978
زكيه,عبداللهيان,5975
آرزو,عبدالمالكی,5951
امير,عبدالمحمدي,5952
منصوره,عبدالمحمدي,5953
حميد,عبدالملكی,5954
سعيد,عبدالملكی,5955
هادي,عبدالملكی,5957
حسن,عبداله زاده,9197
محمدحسين,عبداله زاده چمنی,5963
بهنام,عبداله شمشيرساز,5964
زهرا,عبداله ميرزائی,5965
حميد,عبداله نيا,5966
محمدحسين,عبداله پوراروشكی,5961
اميرمسعود,عبدالهی,5967
حسين,عبدالهی نصرآبادي,5979
رضا,عبدفروتن,5983
حسين,عبدي,5986
عبدالستار,عبدي,5987
علی,عبدي,5988
علی,عبدي,5989
محمدعلی,عبدي,5991
مجيد,عبدي سياب,5996
حكيمه,عبدي پور,5994
مرتضی,عبديان,5993
وحيد,عذيري,5997
مجيد,عرب بافرانی,6112
سيدروح اله,عرب,6113
جليل,عرب خردمند,6115
حميدرضا,عرب زاده,6117
آرام,عربی,6119
محسن,عربی,6122
حسين,عرفانی,6125
سيدمحمدحسن,عرفانی,6126
رضا,عرفانی زابلی,6127
زينب,عزتی,6132
بيژن,عزتی نيا,6134
سيدپدرام,عزيزاللهی,6135
فاطمه,عزيزخانی,6138
ابراهيم,عزيزي,6141
محمدرضا,عزيزي,6143
محمدمهدي,عزيزي,6144
اميرحسين,عزيزيان,9277
مجيد,عسسی بندرجز,9175
احسان,عسكري,6152
قاسم,عسكري,9236
ملك,عسكري,6155
میلاد,عسكري,6156
جعفر,عسكري دئفه,6157
مصطفی,عسگر,6158
مجيد,عسگرخانی,6159
جمشيد,عسگررمكی,6162
امين,عسگري,6164
حجت,عسگري,6165
زهرا,عسگري,6168
فاطمه,عسگري,6171
مهدي,عسگري,6173
مهدي,عسگري,6172
منصور,عسگري ارجنكی,6175
عزيز,عسگري تمليه,9248
محمد,عسگري ساري,6177
مازيار,عسگري مقدم,6178
هدايت,عسگري نهاد,9281
مهيار,عسگريان,6176
اكرم,عشقی,6181
اميد,عشقی,6182
رضا,عصمتی,6186
الهه,عطائی,6191
قاسم,عطائی شريف,6192
مهرداد,عطائی عرصه دوگاه,6193
مهدي,عطائی فر,6194
محمدرضا,عطارزاده,6187
جلال,عطارزاده قزوينی,6188
حامد,عطاري,6189
حسين,عظيمی,6195
سعيد,عظيمی,6196
شهرام,عظيمی,6197
علی,عظيمی,6198
نسرين,عظيمی,6211
لیلا,عظيمی سيالبی,6215
رامين,عظيمی نيا,6217
نعيم,عظيمی پويا,6213
روح اله,عظيمی,6216
عبدالحسين,عفت نژادمحبی,6218
علی,عقبائی,6221
مژگان,عقيلی آشتيانی,6224
محمدولی,عالءالدينی,6226
ايوب,عالئی جناقرد,6231
حميدرضا,عالئی يورتچی,6233
فاطمه,عالف قاسم,6228
سيدمسعود,علمائی,6234
ساناز,علمداري,6235
محسن,علمداري,6236
مينا,علنقی زاده,6238
سيداسداله,علوي,6239
سيدعلی,علوي,6241
سيدعليرضا,علوي,6242
مهري سادات,علوي,6249
سيدمهدي,علوي نيا,6251
حميدرضا,علويان همدان,6246
داود,علی اصل ممقانی,6258
محسن,علی اكبري,6261
مهدي,علی اكبري,6263
حميدرضا,علی اكبري دهكردي,6265
معصومه,علی بخشی,6271
ياسر,علی بخشی,6272
محسن,علی جانی زمانی,6285
اميرحسين,علی خانی,6288
زهرا,علی خانی,6289
ابوالفضل,علی دائی احمدي,6292
ناصر,علی دوستی شهركی,6295
علی,علی راد,6296
حسينعلی,علی زاده,6299
قاسم,علی زاده,6313
مرتضی,علی زاده,6315
مسعود,علی زاده,6316
علی,علی زاده اوصالو,6317
اكرم,علی كاظمی,6334
جهانگرد,علی محمدي,6336
غلامرضا,علی محمدي,6337
احمد,علی محمدي نافچی,6339
فاطمه زهرا,علی,6343
مجيد,علی پناهی,6273
صحابعلی,علی پور,6275
عاطفه,علی پور,6277
محمدجواد,علی پور,6278
حسين,علی پورخنكداري,6279
حميد,علی پوردزفولی اصل,6281
محمدرضا,علی پوركردلو,6282
بابك,علياري,6255
حميدرضا,عليان,6266
نعمت اله,عليجانی,6283
رحيم عليجانی,اردشير,6284
مهوان,عليدوست,6293
حميد,عليدوستی,6294
حسن,عليرضائی,6297
علی,عليزاده,6312
محمدرضا,عليزاده ثابت,6318
غلامرضا,عليزاده مهاجر,6324
يونس,عليزاده وقاصلو,6325
توفيق,عليقلی زاده,6331
فريبرز,عليقلی زاده,6332
عادله,عليپور,6276
رضا,عمادي,6347
عليرضا,عمادي,9239
ابوالفضل,عموئی,6352
جعفر,عموزادمهديرجی,6351
حامد,عيسوند,6357
رمضانعلی,عين الكمالی,6358
اسمعيل,عين اللهی,6359
باقر,عين اله زاده,9284
روح اهلل,عين,6361
اميرعلی,عينی,6362
لطفعلی,عيوضی,6365
زينب,غديري بيدهندي,6367
سلمان,غديريان چهارسوقی,6366
هادي,غروي,6369
حميدرضا,غريب,6371
مهدي,غريب شاهيان,6372
حسين,غضنفري,6374
سعيد,غضنفري,6375
سيديزدان,غضنفري,6376
كامران,غضنفري,6377
اسماعيل,غفارزاده,6381
حسنعلی,غفاري,6382
علی,غفاري,6383
علی رضا,غفاري,6385
علی,پاشا غفاري,6384
غلامرضا,غفاري,6386
محمدعلی,غفاري,6388
مهدي,غفاري,6389
داود,غفاري جعفري,6391
مصطفی,غفاري ساروي,6393
صغري,غفاري قوشه بالغ,6395
اميد,غفوري,6397
سيدسعيد,غفوري سبزواري,6399
علی اصغر,غفوري,6411
حميدرضا,غفوري نام,6412
حجت,غلام پور,6414
فرانك,غلامحسين,6416
زهره,غلامرضائی,6417
مريم,غلامرضائی,6418
آيت اهلل,غلامی,6422
ابوالفضل,غلامی,6419
امير,غلامی,6421
بهنام,غلامی,6423
حسين,غلامی,6424
سعيد,غلامی,6425
سيمين,غلامی,6426
مجيد,غلامی,6429
كمال,غلامی اميرالمومنين,6431
صالح,غلامی شيخ جان,6435
زهرا,غلامی قره شيران,6436
رامين,غندالی,6438
علی,غنی زاده ضرغامی,6441
عليرضا,غنيمت پور,6442
محمدعادل,غياث,6446
جعفر,غيبی اقبالغ,6447
اكبر,غيوربخشايش,6448
صفورا,فاتح,6452
فرامرز,فاتح فنون,6453
محمد,فاتحی,6454
علی,فاتحی جهانتيغ,6457
سلمان,فاتحی پيكانی,6456
محسن,فارسيان,6461
محمدرضا,فارسيان,6462
حسن,فارسيجانی,6463
امير,فاضلی,6465
سيدمحمدرحيم,فاضلی نژاد,6468
سيدعلی اكبر,فاطمی,6471
نادر,فاطمی,6472
رضا,فاطمی مطلق,6474
سيدعباس,فاطمی نويسی,6475
حميد,فائزي نيا,6476
اردشير,فائضی سرخابی,6477
علی,فتاح پورمقدم,6479
حسن,فتاحی,6482
عامر,فتاحی زاده,9221
محمدعلی,فتح الهی,6485
صديقه,فتحعلی نژاد,6489
عقيل,فتحعليان,6487
امير,فتحی,6491
محمود,فتحی,6492
سعيد,فتحی سارانی,6496
مهدي,فتحی مقدم,6497
مهدي,فتحی نژادكل تپه,6498
ميثم,فتحی نژادكل تپه,6499
سميه,فتحی پور,6493
رضا,فتوت كريمی,6513
حسن,فتوحی,6514
جواد,فتوحی بنه كهل,6515
علی,فتوحی بنه كهل,6516
علی,فخارزاده كرمانی,6518
سارا,فدائی,6521
سيدكرامت,فدائی,6522
محبوبه,فدائی بوشهر,6524
مينا,فراست,6527
داود,فراهانی,6529
علی,فراهانی,6532
فاطمه,فراهانی خواه,6538
هادي,فراهانی نسب,6541
حامد,فرجی,6548
عليرضا,فرجی,6552
حميدرضا,فرحی ولوكالئی,6557
عباس,فرخ,6558
محمدرضا,فرخ,6559
حسن,فرخ زاد,6562
مهرداد,فرخ فر,6563
امين,فرخان,6561
منصوره,فرخی,6564
امير,فرخی حاجی آباد,6567
حميد,فردوسی,6569
محمدعلی,فردوسی زاده,6573
مجتبی,فردوسی پور,9171
الهام,فردوسيان,6572
علی,فرزادنيا,6574
اميرحسين,فرزاديان,6575
مسلم,فرزاميان,6576
زينب,فرزانگان,6577
محمدصادق,فرشيدي,6579
سيداحسان,فرقانی,6585
سعيده,فرمهينی فراهانی,6588
رقيه,فرنگ جلودارلو,6589
حميدرضا,فروزنده جونقانی,6618
فرهاد,فروزنده شهركی,6619
جلال,فروغی,6621
بهزاد,فروغی نيا,9316
رودابه,فرهادي,6595
معصومه,فرهادي,6596
عليرضا,فرهادي كوتنائی,6599
پدرام,فرهاديان,6597
سلمان,فرهمند,6612
محمدحسن,فرهمندنيا,9256
محمود,فرهنگی,6614
ميثم,فرهنگی,6615
عبداهلل,فريدون جاه,6623
حبيب اله,فريدونی,6624
محمدحسين,فريدونی,6625
محمود,فصيح رامندي,6626
محسن,فصيحی,6627
سيدفرهنگ,فصيحی لنگرودي,9298
زهرا,فضلی,6631
سوده,فضلی,6632
اكرم,فعل عراقی,6635
محمد,فعلی,6637
حميدرضا,فكري پور,6641
محسن,فلاح,6643
محمد,فلاح,6645
علی اكبر,فلاح,6648
ميثم,فلاحت پيشه,6647
شهرام,فلاحی,6649
علی,فلاحی,6652
فرهاد,فلاحی,6653
ناهيد,فلاحی,6654
حنيفه,فلاحی گزل آباد,9158
قاسمعلی,فلاحيان,6656
پيمان,فلسفی,6657
محمدرضا,فنائی ورديخانی,9276
شهرام,فوالدوند,6674
ضرغام,فوالدوند,6675
فرزاد,فوالدي راد,6681
محمد,فوالدي طرقی,6682
حميدرضا,فوالدگر,6673
آرزو,فهيمی,6658
صابره,فهيمی,6659
سيدمحمد,فهيمی فرد,6671
نيلوفر,فياض بخش,6683
عزيز,فياضی,6684
محمدحسين,فيروزي,6685
عليرضا,فيض بخش,6687
روح,اله قابضی,6692
سيدعلی,اكبر قادري,6694
محسن,قادري,6696
محمدحسن,قادري,6697
صديقه,قاريان,6714
عزت اله,قاسم,6715
رقيه,قاسم خانلوي ديزجی,6718
محمد,قاسم خانی,6719
عاتكه,قاسم زاده,6722
فاطمه,قاسم پور,6717
آرش,قاسمی,6725
احمد,قاسمی,6724
پيام,قاسمی,6726
رضا,قاسمی,6728
رقيه,قاسمی,6729
ساسان,قاسمی,6731
علی,قاسمی,6733
مسعود,قاسمی,6735
مهدي,قاسمی,6737
هادي,قاسمی,6738
حسن,قاسمی فرد,6747
حسن,قاسميان,6742
حميد,قاطع قوشچی,6751
محمدباقر,قاليباف,6752
مرتضی,قانع,6755
غلامرضا,قانع عزآبادي,6756
احمد,قانونی,6757
عباس,قاهري,6758
محمود,قائدي,6762
مرضيه,قائدي,6763
علی,قائم مقامی,6764
عليرضا,قائمی,6765
ابوالفضل,قائمی زاده,6768
فاطمه,قبادي ساكی,6773
روح الله,قبادپور,6769
احمدرضا,قدرتی,6776
حسن,قدرتی,6778
مهدي,قدس,6781
حسن,قدمی,6782
فتاح,قدمی تكانتپه,6783
علی,قدوسی,6784
محسن,قديانی,6785
نسرين,قديانی,6786
جواد,قديري,6787
غلامرضا,قديري,6788
فريدون,قديري ابيانه,6791
محمدحمزه,قديري نژاديان,6792
فريدون,قديمی,6793
يوسف,قديمی,6794
حسين,قربان نژاد,6797
احمد,قربانی,6799
اكبر,قربانی,6811
جواد,قربانی,6813
مجيد,قربانی,6817
محمد,قربانی,6821
محمد,قربانی,6818
محمد,قربانی,6819
منصوره,قربانی,6822
محمد,قربانی فر,6825
مجيد,قربانی فراز,6826
پوريا,قربانی گل شاد,6827
عباس,قربيان,6828
مختار,قرجهء,6829
زهرا,قره قانی,6832
موسی,قزل سفلو,9288
علی,قزل سفلی,6833
رضا,قزلو,6835
رضا,قسمتی,6836
علی اكبر,قشقائی,6837
سارا,قشالقی,6839
علی اكبر,قضائی,6841
مهدي,قلعه نوي,6846
مرتضی,قلعه پور,6844
زهرا,قلن بر,6847
اورنگ,قلی زاده,6855
حسن,قلی زاده,6856
مائده,قلی زاده زحمت كش,6859
ايمان,قلی زاده ميدانی,6861
حسين,قليچ خانی,6853
حسين,قناديان,6866
رضا,قنبرنژاد,6872
حميد,قنبري,6873
سيدرضا,قنبري,9178
مهدي,قنبري,6874
ساناز,قنبري آرا,6875
محمد,قنبري تويسركانی,6876
حسين,قنبري طامه,6877
جعفر,قنبري محمدي,6878
احمد,قنبرپور,6867
مريم,قنبرپورسلطان آبادي,6871
مرضيه,قوهستانی,6889
نيره,قوي,6891
ناصر,قويمی,6892
بابك,قهرمان,6882
سعيد,قهرمانی,6883
محمدرضا,قهرمانی,6884
مجتبی,قياسی,6894
زينب,قيصري,6895
ابوالفضل,كارآمد,6899
محمدوحيد,كارجوي,6912
ابراهيم,كارخانه اي,6913
اميرمحمد,كاري ثمرين,6917
اكبر,كاري دولت آبادي,6918
نوروز,كارگري,6916
علی,كارگزار,9212
غلامحسن,كازري,6919
مهدي,كاسه گرها,6921
الهه,كاشانی,6923
محمدرضا,كاشانی راد,6925
مسعود,كاشانی مهر,6926
زهرا,كاشانيها,6927
سيدحسن,كاشی,6928
علی,كاشی,6929
سلام اله,كاظم,6932
مهرداد,كاظم زاده عطوفی,6934
جواد,كاظم قمی,6935
سجاد,كاظم نسب,6936
آمنه,كاظمی,6937
حسين,كاظمی,6938
علی,كاظمی,6943
مرتضی,كاظمی,6944
منصوره,كاظمی,6945
ميرعلی,كاظمی,6946
حسين,كاظمی راد,6949
فتح اله,كاظمی,6951
مهدي,كاظمیكاخكی,6952
سيدرفيع,كاظمی مازندرانی,6954
علی اصغر,كاظميان,6948
مهدي,كاظميان,9267
هومن,كاغذيان,6956
علی رحم,كاكاوندي,6959
حسين,كامكار,6964
مرتضی,كامل نواب,6965
هادي,كاميابی,6966
سيامك,كاميابی امينه,6967
علی,كاوسی نژاد,6973
معصومه,كاوندي,6975
محمود,كاوه نيا,6977
روح اله,كاويانی,6978
محمدحسن,كاويانی,6979
رضا,كاويانی ارانی,6981
سيدهاشم,كاهانی,6968
آمنه,كاههء,6971
مهدي,كاههء,6972
امين,كبودي,6983
قادر,كبودي غريبدوستی,6984
حسن,كبيري,6985
سيدتقی,كبيري,6986
مجيد,كبيري زاد,6989
ابوالقاسم,كبيري طامه,6991
افشين,كتانی,6993
مرجان,كجوئيان,6994
حسين,كرامت,6995
محمد,كرامتی,6997
معصومه,كرانی شيراز,7112
عطيه,كربالئی علی گل,7114
مسعود,كرد,7115
سيدمهدي,كرسوي كاشانی,7116
محمدباقر,كرم پوربهشت آباد,7117
امير,كرمعلی,7118
ابوالفضل,كرمی,7119
افشين,كرمی,7121
اميرهوشنگ,كرمی,7122
حميدرضا,كرمی,7123
سعيد,كرمی,7125
صادق,كرمی,7126
عبدالستار,كرمی,7128
عليرضا,كرمی,7129
كوثر,كرمی,7131
محمدحسن,كره ئی,7134
احسان,كريم زاده,7138
عيسی,كريم زاده,7139
احسان,كريم پور,7136
محمد,كريملو,7141
پرويز,كريمی,7143
رضا,كريمی,7146
سعيد,كريمی,7149
مجتبی,كريمی,7152
مهدي,كريمی,7159
مهدي,كريمی,7157
مهدي,كريمی,7156
وحيد,كريمی,7161
حامد,كريمی ابيازنی,7162
ابراهيم,كريمی سعيدآبادي,7173
ابراهيم,كريمی كيا,7176
محسن,كريمی موحدي,7178
حسن,كريميان,7163
حسن,كريميان فر,7164
اسماعيل,كريميان كاكلكی,7165
محمد,كزازي,7182
محمدرضا,كسرائی,7183
حامد,كشاورز,7184
حميد,كشاورزيان,7188
احسان,كشوريان طبرستانی,7192
حميد,كالتهء,7194
امين,كالنتري,7195
شاهين,كالنتري,7197
عليرضا,كالنتري,7198
محمدرضا,كالنكی,7212
مصطفی,كالنكی,7213
احمد,كاله مال همدانی,7215
علی اصغر,كلباسی,7216
علی,اكبر كليچ,7218
مهرناز,كمال پور,7221
محمدعلی,كمالی,7224
وحيد,كمالی,7225
كاظم,كمالی راجيري,7226
زهرا,كمانی,7229
لیلا,كمانی,7231
مرتضی,كمساري,7233
محمدابراهيم,كنی,7235
اسمعيل,كوثري,7238
مهدي,كوچك زاده,7241
علی,كوچكی نژادارم ساداتی,7242
اكبر,كوه زارع,7248
حميدرضا,كوهساري,7249
آزيتا,كوهستانی,7252
زهرا,كوهشاري,7253
حسام الدين,كهزادي,7236
شهاب,كيا,7258
رضا,كيائی,7267
علی,كيان,7262
غلامعباس,كيانی,9319
احسان,كيانی رئوف,7264
يلدا,كيانپور,7263
حامد,كيقبادي,7271
سيدمحمد,كيكاوسی,7273
سيدمحمد,كيميافر,7274
رسول,كيوان مهر,7277
اميرحكمت,كيه بادرودي,7276
امير,كی پور,7268
عليرضا,گرانمايه جوركويه,7281
افسانه,گراوند,7282
بيات,گراوند,7283
شهريار,گراوند,7284
حميد,گرجی,7286
سعيد,گرجی,7287
هوشنگ,گرجی پور,7289
ارسلان,گرم سخن,7293
منا,گرمابدري,7292
ياسر,گريوانی,7295
محمدرضا,گلرنگ رهبر,7311
مرواريد,گلزارفر,7313
صادق,گلزاري نيكجه,7314
حسين,گلستانی,7315
هادي,گلستانی,7316
اميرعباس,گلستانيان,7317
علی,گلشنی,7319
مونا,گلنبی,7327
غلامحسين,گلی,7328
مهدي,گلی,7329
حميد,گلی زاده,7331
مريم,گل آراء,7296
مصطفی,گل زاده,7312
حسين,گل صنم لو,7321
محسن,گل كار,7322
تقی,گل محمدي,7323
مرتضی,گل محمدي,7325
محمد,گل محمدي درياكناري,7326
سميه,گل پورچمركوهی,7298
محمدصادق,گنج خانلو,7334
حميدرضا,گنجی,7337
عباس,گنجی,7338
حسن,گنجی مهياري,7339
حامد,گندمكاررهقی,7341
ياسين,گندمی,7342
لیلا,گودرزتله جردي,7343
هادي,گودرزناصري,7344
ولی,گودرزوندچگينی,7345
زهرا,گودرزي,7348
سعيد,گودرزي,7351
فرزانه,گودرزي,7354
مجيد,گودرزي,7355
محمد,گودرزي,7357
محمد,گودرزي,7356
محمدباقر,گودرزي,7359
مصطفی,گودرزي,7361
هادي,گودرزي,7363
ولی اهلل,گودرزي,7365
حسين,گودرزي پور,7364
اميد,گوهري,7366
سعيد,گوهري آرانی,7367
علی,گهوارهء,9227
حميدرضا,لاجوردي,7371
زهره سادات,لاجوردي,7372
سيدعلی,لاجوردي,7374
حسن,لاری,7375
ليلا,لاريجانی,7376
بهمن,لامعی رامندي,7378
عليرضا,لچينانی,7381
حسين,لرزاده,7382
مجيد,لشگري,7383
حسن,لشنی,7384
مهتاب,لطف اله بيگی,7385
باقر,لطف اله پور,7386
مصطفی,لطفعلی پور,7388
پروانه,لطفی,9172
حسنعلی,لطفی,7389
قدرت,لطفی,7394
لطيفه,لطفی,7395
مريم,لطفی,7397
سيدمحمدحسين,لطفی آشتيانی,7398
يوسف,لطفی جلال آبادي,7411
عبداله,لطفی زرين قبائی,7412
اسمعيل,لطفی پورجوزم,7399
آناهيتا,لطيفی,7413
معصومه,لطيفی,7414
محمدهادي,لقمانپور,7416
سيدمحمدهادي,لنكرانی,7419
صالح,لويمی,7422
عيسی,لیلای,7423
احمد,مازنی,7437
رضا,ماستري فراهانی,7438
امير,مالك پور,7441
محمد,مالمير,9215
ابوالفضل,مالی,7445
سلمان,ماندنی,7446
محمدرضا,مانی فر,7448
سعيد,مانگشتی,7447
مژگان,ماهرالنقش,7451
محمد,مبشرگرمی,7454
سيدمحمد,مبينی,7455
ولی اله,مبينی,7456
احمد,احمد متقی زاده,7461
منوچهر,متكی,7462
اميرسينا,متولی طاهر,7463
مرتضی,متين,7465
نصرت اله,مجاهدي,7468
محبوبه,سادات مجداالشرافی,7471
لیلا,مجدانی,7472
محمدابراهيم,مجيداف,7477
حسين,مجيدناطري,7478
سميه,مجيدي,7479
مجيد,محب اقدم,7481
آرمين,محبوب,7483
محمد,محبوبی فر,7484
امير,محبی,7485
جليل,محبی,7486
محمدابراهيم,محبی,9242
مهدي,محبی,7488
سيمين,محبی آشتيانی,7489
اسماعيل,محبی كندسري,7492
عباس,محبی مقدم,7493
احمد,محبی نيا,7494
محمدحسين,محترم,7495
فرزاد,محتشمی فر,7496
علی,محجوب,7497
سجاد,محراب بيگی,7499
محمدرضا,محرابی,7511
محسن,محرم خانی,7513
مجيد,محرمی,7515
سمانه,محرمی نمين,7516
مرتضی,محسن زاده,9295
رضا,محسنی,7519
مهتاب,محسنی,7522
سيدمرتضی,محسنی پور,7523
بابك,محمدامينی,7529
عبداله,محمدان پور,7531
داود,محمدبيكی كاسوائی,7533
رضا,محمدبيگی,7534
مهديه,محمدتقی زاده,7537
ابراهيم,محمدجانی,7539
طاهره,محمدجعفر,7541
ولی اهلل,محمدجعفري,7542
رقيه,محمدزاده,7546
مهدي,محمدزاده,7549
مهدي,محمدزاده,7548
سهيل,محمدشفيعی,7551
رضا,محمدصالحی,7552
عباسعلی,محمدعلی زاده,7554
عليرضا,محمدعلی زاده,7556
سبحان,محمدعلی نژاد,7557
محسن,محمدكريمی,7558
مريم,محمدكريمی,7559
حسين,محمدنبی,7561
فاطمه,محمدنجار,7562
جعفر,محمدنژادسيگارودي,7564
بهمن,محمدي,7569
بيژن,محمدي,7571
جعفر,محمدي,7573
حجت,محمدي,7576
حميد,محمدي,7578
حميد,محمدي,7577
خيراله,محمدي,7579
زهرا,محمدي,7581
سيدمحمد,محمدي,7583
صفرعلی,محمدي,7585
فاطمه,محمدي,7589
فاطمه,محمدي,7588
محسن,محمدي,7595
محمد,محمدي,7596
محمد,محمدي,7597
محمدحسين,محمدي,7599
محمدحسين,محمدي,7598
محمدرضا,محمدي,7612
محمدرضا,محمدي,7611
محمدهادي,محمدي,7614
مصطفی,محمدي,7619
منير,محمدي,7621
مهدي,محمدي,7622
مهدي,محمدي,7623
مهناز,محمدي,7624
وحيد,محمدي,7625
ونوس,محمدي,7626
يزدان,محمدي,7627
مصطفی,محمدي االشتی,7628
يداهلل,محمدي امجد,7629
آرش,محمدي تشكري,7644
محدثه,محمدي جمال,7646
فاطمه,محمدي سيجانی,7652
حسين,محمدي سيرت,7655
محمد,محمدي فرزين,7657
علی,محمدي فريز,7658
سلمان,محمدي قزلبالغ,7659
محمد,محمدي كرديانی,7661
ياسر,محمدي كفتركاري,7662
محمدرضی,محمدي كوچكسرائی,7663
حسن,محمدي كيا,7664
غلامرضا,محمدي مقدم,7669
جعفر,محمدي مالحاجيلو,7671
عليرضا,محمدي مالسرائی,7672
سيدحسين,محمدي موسوي,7673
ابوذر,محمدي نژاد,7674
مهرداد,محمدي يل سوئی,7667
مرتضی,محمدي پور,7641
مرتضی,محمدي پويا,7642
پيمان,محمدي پيرلر,7643
حسين,محمديان,7632
محمدرضا,محمديان,7635
مصطفی,محمديان,7637
مهدي,محموداقدم,7679
مريم,محمودزاده,7685
اعظم,محمودوند,7686
حميدرضا,محمودي,7687
سيدمرتضی,محمودي,7688
علی,محمودي,7689
فاطمه,محمودي,7691
مريم,محمودي,7692
مصطفی,محمودي شريف,7696
ابراهيم,محموديان,7694
سيدمحمدرضا,محمودپناهی,7681
علی,محمودپور,7682
محسن,مختار,7697
ابراهيم,مختارجوزانی,7698
محمد,مختارجوزانی,7699
پيام,مختاري,7712
مصطفی,مختاري,7714
مژگان,مختاري,7713
رضا,مختاري هشجين,7717
ايمان,مختاري گركانی,7716
حميدرضا,مداح,7719
حسين,مددي,7723
زهرا,مددي,7724
مهدي,مددي جاويد,7727
راضيه,مدنی,7729
سيدامير,مدنی,7731
سيدكمال,مدنی,7732
سيدرضا,مدنی كرمانی,7736
اردشير,مرادي,7742
اسلام,مرادي,7743
اميد,مرادي,7745
بهنام,مرادي,7746
حسين,مرادي,7747
حميد,مرادي,7748
زينب,مرادي,7749
ساعد,مرادي,9177
سياوش,مرادي,7752
سيدعباس,مرادي,7753
قاسم,مرادي,7757
مجتبی,مرادي,7761
محسن,مرادي,7762
محمد,مرادي,7763
معصومه,مرادي,7765
نادعلی,مرادي,7768
نسرين,مرادي,7769
بهرام,مرادي آثار,7781
غلامحسين,مرادي سرچشمه,7782
نادر,مرادي نيا,7786
مراد,مرادي پور,9294
جواد,مرادپور,7737
شهناز,مرامی سركندي,7787
سيده صديقه,مرتضوي,7792
مژگان,مرتضوي,7794
سيدعبداهلل,مرتضوي باباحيدري,7795
سيدعباس,مرتضوي پور,7796
مهدي,مرجانی,9164
سعيد,مرجانی عصر,7797
فيصل,مرداسی,7798
هما,مردان,7811
علی,مردانی,7812
هادي,مردانی محله,7813
ابوالفضل,مردپور,7814
محمدتقی,مردپور,7816
مالك,مرزبان,7817
رسول,مرصوصی,7821
سيدمهدي,مرعشی,7822
سيدمحمدرضا,مرندي,9176
الهام,مروج,7824
محمدرضا,مرويان صفارزاده,7826
كيهان,مزدكی,7828
مهدي,مزرعه شاهی,7829
حميد,مزينانی,7831
مهدي,مزينانی,7832
مسعود,مستاجران گورتانی,7835
مريم,مستعلی زاده,7836
عبدالمهدي,مستكين,9224
امين,مستوفی زاده,7838
هادي,مسجدي,7839
محمدعلی,مسجدي موالن,7841
نيكا,مسرور,7842
ميثم,مسرورحسن كياده,7843
كفاح,مسعودي,7845
علی اكبر,مسگران,7847
عباس,مسلمی,7849
علی,مسلمی,7851
محمدرضا,مسيحايی خمامی,7853
الهه,مشائی,7854
محمدعلی,مشايخی,7856
محمدمهدي,مشايخی,7857
مرتضی,مشايخی نظام آبادي,7858
عباس,مشتاقی,7861
داود,مشكانی فراهانی,7862
محسن,مشهدي رضاعراقی,7865
مهدي,مشهدي محمدعلی,7868
رامين,مصباح,7871
رضا,مصباحی,7872
ساعده,مصباحی مقدم,7873
هادي,مصدق,7874
داود,مصطفائی,7875
محمدرضا,مصطفائی,7876
سيداسماعيل,مصطفوي,7877
سيدمحسن,مصطفوي,7879
مريم,مصلح,7881
جهان بخش,مصلحی,7883
علی,مطلبی نژاد,7886
احمد,مطهري,9315
سيدمحسن,مطهري,7887
علی,مطهري,7889
حسن,مظاهري,9282
كامليا,مظاهري,7891
حميدرضا,مظاهري سيف,7893
حسين,مظفر,7895
حسن,مظفرقديري,7898
حسن,مظفري,7911
حجت اله,مظفري,7913
عليرضا,مظلوم رهنی,7915
علی رضا,مظلوميان,7916
مهدي,معتمدي جهرمی,7921
جمال,معتمدي زاده,7922
محمدرضا,معدنی,7923
احسان,معدوليت,7924
اميرحسين,معزالدينی,7925
عليرضا,معشوري,7926
سيدحسين,معصوم زاده,7928
عباس,معصوم زاده,7929
محمد,معصوم زاده,7931
حميد,معصومی,9165
سيدمحمدهادي,معصومی,7934
مجيد,معصوميان,7936
يوسف,معصوميان ارزنق,7937
محمدرحيم,معظمی گودرزي,7941
عليرضا,معلم زاده,7942
هاجر,معمائی,7943
فاطمه,مغفوري فرسنگی,7946
محمدرضا,مفتح,7949
علی اكبر,مفيدي,7951
بهزاد,مقبول,7952
محمدحسين,مقدس زاده كرمانی,7954
ابوالفضل,مقدم,7956
محمود,مقدم,7958
امير,مقدمی,7959
مهران,مقصودي,7961
سعيد,مقيسهء,7962
سيدحسين,مقيمی اصل,7965
زينب,مالئی,9279
آزاده,مالح,7966
محمد,ماليون,7972
محمدصادق,ملبوبی,7973
آمنه,ملك فر,7978
فردين,ملك محمدي زاده گله,7981
مصطفی,ملك مقدم,7982
امير,ملكان,7974
رضا,ملكان پور,7975
ناصر,ملكشاهی,7977
حبيب الله,ملكوتی,7984
احمد,ملكی,7985
اميرحسين,ملكی,7986
پويان,ملكی,9219
حامد,ملكی,7989
داود,ملكی,7994
صفی اله,ملكی,7995
منصور,ملكی,9243
ناصر,ملكی,7998
روح اله,ملكی,8116
رضا,ملكی نژاد,8118
امير,ملكی ويري,8119
عليرضا,ملكيان,8113
مرتضی,ملكيان,8114
قدسيه,ملكيان نائينی,8115
عزت اله,ملكپورافشار,9273
فاضل,ململی,8121
جهان بخش,ممبينی,8122
محمد,ممتازاميري,8124
مهناز,منتظري,8128
اكبر,منتهائی,8129
محمدتقی,منجذبی,8131
پژمان,منجمی امين,8132
حسين,منحصر,8133
محسن,منشدي,8135
الهام,منصوري,8139
محمدرضا,منصوري,8145
مرتضی,منصوري,8147
زهرا,منصوري گركانی,8151
اكبر,منفرد,8154
محمدعلی,منفرد,8155
وحيد,منفردگهر,8156
سيده فاطمه,موحد,8234
سعيد,موحدخواه,8235
محمدحسن,موحدي,8236
محمدعلی,موحدي,8237
علی,موحدي نيا,8242
محمدحسين,مودت,8243
حميدرضا,موذنی,8244
محمد,موسائی,8245
رقيه السادات,موسوي,8246
رقيه,سادات موسوي,8247
ريحانه,موسوي,8248
زهرا,موسوي,8249
سيدابراهيم,موسوي,8251
سيدامين,موسوي,8253
سيدبنيامين,موسوي,8254
سيدحامد,موسوي,8255
سيدحسين,موسوي,8257
سيدرضا,موسوي,8259
سيدزمان,موسوي,8261
سيدسعيد,موسوي,8262
سيدصادق,موسوي,8263
سيدطاها,موسوي,8264
سيدعلی,موسوي,8265
سيدفضل اله,موسوي,8267
سيدمجتبی,موسوي,8268
سيدمجيد,موسوي,8269
سيدمحمدجواد,موسوي,8271
سيدنظام الدين,موسوي,8275
سيده,سمانه موسوي,8277
سيده مريم,موسوی,8278
شهربانو,موسوي,8279
مريم سادات,موسوی,8281
ميرحسن,موسوي,8283
ميرمصطفی,موسوي,8284
سيدمسعود,موسوي اهرنجانی,8286
سيدحامد,موسوي ثابت,8289
سيدمجيد,موسوي جابري,9268
سيدمحمدرضا,موسوي حكمتی,8292
سيدمسلم,موسوي درچه,8294
سيداسماعيل,موسوي زاده,8296
سيده الهام,موسوي,8297
سيدعلی,موسوي فرد,8298
سيدمحسن,موسوي كاشانی,8299
سيدابوطالب,موسوي مالواجردي,8312
سيدميثم,موسوي محسنی,8313
سيدطه,موسوي ميركالئی,8314
سيدايمان,موسوي پورجوزستانی,8287
سيدرسول,موسوي چوبه,9231
سيدمحمد,موسوي گزافرودي,8311
علی,موسويان,8285
سيدمجيد,موسويان احمدابادي,9334
محمد,موسی پورفتيده,8323
سيدحسين,موشح,8327
حسن,موالئی,8331
شهلا,مولوي,8335
محمد,مولوي,8336
صمد,مومن باهلل,8337
محمدمهدي,مومنی ها,9167
مريم,مهاجري,8159
محمد,مهتدي,8161
اسداله,مهدوان زربيل,8162
حجت اله,مهدوي,8163
رحيمه,مهدوي,8165
سعيد,مهدوي,8166
سيدكاظم,مهدوي,8168
سيدمرتضی,مهدوي,8169
مسعود,مهدوي,8171
ماهان,مهدوي اميري,8172
محمدرضا,مهدوي راد,8174
لیلا,مهدوي ساروي,8176
محمدسعيد,مهدوي كنی,8177
علی,مهدوي نادري,8178
مصطفی,مهدي,8179
حسن,مهدي زاده اردبيلی,8191
علی,مهدي زاده تورزنی,8192
روح اله,مهدي,8193
حسين,مهديخانی,8186
مهدي,مهذبی گنجه,8195
احمد,مهرآور,8214
مجيد,مهرابی,8197
شهرام,مهران پور,8213
محسن,مهري,8224
میلاد,مهري سوخته كوهی,8226
مهران,مهرپور,8217
رحمت اهلل,مهنی,8229
ميثم,ميارعباسی,8339
اميرحسين,ميثاقی زاده,8342
سوسن,ميخ بر,8343
مژگان,ميخك,8344
عليرضا,مير,8346
سيدمحسن,ميرابراهيمی,8348
محمد,ميرابراهيمی,8349
محمود,ميرابی,8351
سمانه السادات,ميربابائی,8355
ميرحسين,ميربابائی,8356
سيدمرتضی,ميرجعفري,8359
محمد,ميرحسينی اشكوري,8365
سيدمحمدرضا,ميرخان,8366
حميدرضا,ميردشتوان,8367
سيدسعيد,ميررضائی,8368
سيدمحمد,ميررضائی رودكی,8369
بهروز,ميرزائی,8381
جلال,ميرزائی,9328
حسن رضا,ميرزائی,8382
حسين,ميرزائی,8384
مجيد,ميرزائی,8387
میلاد,ميرزائی,8391
سيدمنصور,ميرزائی توكلی,8394
مهدي,ميرزائی داكدره,8396
مصطفی,ميرزائی علی آبادي,8397
محمد,ميرزائی فتحكوهی,8398
عباداله,ميرزائی مطلق,8411
محمد,ميرزائی منش,8412
معصومه,ميرزااحمد,8372
معصومه,ميرزاخانی,8373
روح اله,ميرزاخانی,8375
حميد,ميرزايار,8392
ميرزا,ميرزاپوردشتی,8371
سيدسعيد,ميرزرگر,8413
سعيده السادات,ميرشريفی,8415
سيدجواد,ميرقربانی نوكنده,9159
سيدحسن,ميركاظم زاده اقدم,8421
سيداميرحسين,ميركمال,8422
سيدمهدي,ميرمحمدعلی رودكی,8424
سيدمسعود,ميرمعينی,8426
سيدميثم,ميرنوراللهی,8427
محمد,ميري,8429
سيدمحمد,ميري چيمه,8432
سيدمصطفی,ميريان,8431
شهلا,ميرگلوي بيات,8423
حسين,ميزان,8434
حسن,ميكائيلی,8435
الهه,ميگون پوري,8436
علی,مينائی بهزاد,8441
مسعود,ميناوندچال,8438
اميررضا,ميهن پرست,8442
سيدمحمدمهدي,مؤذن,7425
نادر,مؤذن قره لر,7426
نيما,مؤمن شوقی,7427
سهيل,مؤمنی,7428
بهمن,مؤمنی مقدم,7433
اميراحمد,مؤمنی ها,7435
آريو,نادري,8448
آزاده,نادري,8449
احمد,نادري,8446
احمد,نادري,8447
فخرالدين,نادري,8453
هوشنگ,نادري خاكريز,8456
ولی اله,نادرپور,9322
خشايار,نادي,8461
شيرين,ناصح,8462
ميثم,ناصحی,8463
زكيه,ناصري,8465
عليرضا,ناصري,8468
سيدمرتضی,ناصريان,8469
عباس,ناطق نوري,8471
فريبرز,ناطقی الهی,8473
علی اكبر,ناظمی,8476
سيدمهران,ناظميان,8478
محمدرضا,نام آوري,8479
بتول,نامجو,8481
سيدمحمود,نبويان,8489
فرهاد,نبی,8491
محمود,نبی افجدي,8492
ايرج,نثاري,8494
دارا,نثاري,8495
حسين,نجابت,8496
سيدصادق,نجابت,8497
علی رضا,نجاتی,8499
اسمعيل,نجار,8511
حسين,نجاري,9235
مجيد,نجاري طايفه,8514
مجيد,نجف پور,8516
امير,نجفی,8519
سيدمحمود,نجفی,8522
سيمين,نجفی,9266
عليرضا,نجفی,8523
محمد,نجفی,8525
محمدسعيد,نجفی,8526
مهدي,نجفی,8531
مهدي,نجفی,8528
مهدي,نجفی,8529
نظام,نجفی بيرگانی,8532
ضياءالدين,نجفی جيالنی,8533
مرتضی,نجفی ملكی,8534
كاظم,نجمی,8536
هدايت اله,نحوي,8537
ايرج,نريمانی,8542
عليرضا,نريمانی,8543
سام,نريمانی راد,8544
ايمان,نسترن بروجنی,8546
محمود,نصرآبادي,8547
اكبر,نصراللهی كاسمانی,8556
محمد,نصراله نيا,8548
فضل اله,نصرالهی,8551
محمد,نصرالهی,8552
صابر,نصرتی,8557
علی اكبر,نصرتی,8558
مهرداد,نصرتی,8559
صادق,نصرتی مراللو,8563
علی,نصرسواري,8565
مسعود,نصري,8566
سهيل,نصري رودسري,8567
ابراهيم,نصيراالسالمی,8568
حسين,نصيري,8572
داود,نصيري,8573
رحمت اله,نصيري,8574
فلوريا,نصيري,8575
قادر,نصيري ترزنق,8578
سيدمحمد,نصيري تولون,8579
سهراب,نصيري خواه,8581
علی رضا,نصيري,9262
عليرضا,نصيري فيروز,8582
سيامك,نصيري ميالنی,8584
يوشع,نظرآهاري,8587
مجيد,نظرعلی,8588
آذر,نظري,9335
سبحان,نظري,8591
سعيد,نظري,8592
محمدتقی,نظري,8594
محمدرضا,نظري,8596
ياسين,نظري,8599
جواد,نظريان,8612
حسين,نظريان,8613
اكبر,نظيفی,8617
صمد,نعمانی,8618
اسگندر,نعمتی,8622
حميد,نعمتی,8625
محمد,نعمتی,8627
نورالدين,نعمتی,8628
محمدرضا,نعمتی ام آباد,8629
زينب,نعمتی مقدم,8632
محمدجعفر,نعناكار,8633
مهدي,نقاشيان,8635
مصطفی,نقدي زارچی,8636
ناهيد,نقوي عليا,8639
علی,نقويان,8638
افسانه,نقی زاده جاويدقلعه جوقی,8644
محدثه,نقی ويشته,8645
محمود,نقی پورآزاد,8642
جواد,نكومهر,8646
علی,نكونام,8647
بابك,نگاهداري,8648
نسترن,سادات نمازي,8649
نسيم,نوائی بروجنی,8656
موسی,نوابی,8654
بيژن,نوباوه وطن,8657
مسعود,نوبخت,8658
سعيد,نوخندانی ارتيانی,8662
يونس,نوذرپور,8665
اميرحسين,نوذرپورشمی,8667
عباس,نورآبادي,8668
اميرحسين,نورائی,8673
ناصر,نوراللهی بسطام,8671
وحيد,نورانی صوفلو,8672
مجتبی,نوراهان,9199
بهزاد,نوروزي,8676
حسن,نوروزي,8677
حميد,نوروزي,8678
طهورا,نوروزي,8679
محمد,نوروزي,8682
مرتضی,نوروزي,8684
حبيب اله,نوروزي,8689
محمد,نوروزي فرد,8691
پيام,نوروزي چلچه,8687
محمد,نوروزيان,8685
احمد,نوروند,8693
بهزاد,نوري,8694
سجاد,نوري,8695
عباس,نوري,9185
محسن,نوري,8711
مظفر,نوري,8713
نرگس,نوري,8714
آرمان,نوري اسكوئی,8716
مهدي,نوري اصل,8717
نسرين,نوري عسگرآبادتپه,8727
عباد,نوري فر,8728
عباسعلی,نوري فرد,8729
مهدي,نوري مهتاج,8732
جعفر,نوري يامچلو,8718
ابراهيم,نوري گوشكی,8731
كاميار,نوريان شميرانی,8719
صيدكرم,نوريان فر,8721
حسين,نوظهور,8733
علی,نوين,8735
صفرعلی,نهري قاضيانی,8653
روح اله,نيازآذري,8737
سينا,نيازي,8738
سيدعلی,نياكيانی تهرانی,8739
بابك,نياوند,8741
عباس,نياوند,8742
الهام,نيك فر,8756
محمدجواد,نيك فر,8757
حجت,نيك نام سرابی,8758
هدايت,نيك نژادصومعه,8761
مهدي,نيك پور,8748
سيدمحسن,نيكخواه خوش كالم,8753
سيداحمد,نيكوئی,8766
شيدا,نيكوروين,8763
محمدحسين,نيكونژاد,8764
منصوره,نيكيان قويدل,8768
مهدي,واحد,8869
مصطفی,واحدشيرتري,8871
ميثم,واحدي,8872
مجتبی,واشقانی فراهانی,8875
فاطمه,واعظ جوادي,8879
يوسف,واعظ قراملكی,8891
احمد,واعظی,8892
مهدي,واعظی,8893
فاطمه سادات,واقفی,8894
محمدداود,وثوقی نسب,8896
ابراهيم,وجدانی,8897
حميدرضا,وجدانی,8898
اسد,وجدانی ذاكركندي,8911
آيدين,وجودي موالن,9296
سميرا,وحيدي,8917
عليرضا,وحيدي,8918
مجيد,ورمزيار,8921
علی اكبر,وزيري,8922
مرتضی,وزيري,8923
مهدي,وزيري روزبهانی,8924
لیلا,وطن خواه كاشی,8925
حسين,وطن دوست,8926
مجيد,وفا,8929
غلامرضا,وفائی مستان آباد,8935
حسن,وفادارينگجه,8932
مهدي,وكيل پور,8936
اكبر,وكيلی,8937
شهره,وكيلی فرد,8943
بهزاد,وكيلی ملك لو,9153
محمد,ولی زاده,8947
سميه,وليان,8944
محسن,وهابيان طهرانی,8952
فرشيد,ويسی,8953
عليرضا,هاتفی اردكانی,8772
رضوان,هادي پور,8779
محمدمهدي,هادي گشايش,8783
زهره,هاديان,8773
مهدي,هاديان,8774
سيدجمال,هاديان طبائی زواره,8776
سيدخليل,هاشم ورزي,8788
محمد,هاشم پور,8784
ابوذر,هاشمی,8789
حسين,هاشمی,8791
سعيد,هاشمی,8792
سيداميراسداله,هاشمی,8793
سيدحسين,هاشمی,8794
سيدسعيد,هاشمی,8795
سيدمسعود,هاشمی,8797
سيدمهدي,هاشمی,8798
فرخ,هاشمی,8812
مريم,هاشمی,8813
مهدي,هاشمی,8814
ميثم,هاشمی,8815
همايون,هاشمی,8816
سيدجلال,هاشمی انجه,8819
محمد,هاشمی بهرمانی,9329
زهرا,هاشمی فر,8821
سيدسعيد,هاشمی كاوردي,8824
سيدحسن,هاشمی مزرعه نو,8825
سيدقائم,هاشمی نسب,8829
سيداسماعيل,هاشمی نژاد,8827
سيدحسين,هاشمی نژادكشكوئيه,8828
مجيد,هداوند,8834
عباس,هدايتی,8836
سيدكمال,هدي,8839
محمدعلی,هرمزي زاده,8842
حسين,هرورانی,8843
رضا,همايونی,8849
سعيد,همت,8851
مهدي,همت,8852
مرتضی,همتی,8854
سعيد,همتی حسين خانلو,8857
محسن,همتی نژاد,8858
محمدباقر,همتی نژاد,8859
حميدرضا,هنرمند,8863
سيدمرتضی,هنرمند,8864
لیلا,هنرمند,8865
ياسر,هوشيار,8867
حسن,هومان,8868
محمد,ياراحمدي,8956
حسن,يارمحمدي,8957
فيروز,يارمحمدي,8958
مصطفی,يارمحمدي,8959
حميد,ياري,8961
سميه,ياري,8962
علی,ياساء,8963
ابوالفضل,ياسري,8964
جواد,ياسينی,8965
وحيده,ياسينی,8967
مريم,ياورزاده مرزبالی,8971
رسول,ياوري,8972
مهدي,ياوري فرد,8973
سعيد,يحيائی,8974
سجاد,يداللهی ده چشمه,8976
شهريار,يزدان جو,8977
كيارش,يزدان فر,8981
شهرام,يزدانی,8982
ناصر,يزدانی,8984
زهراسادات,يزدانی طبائی,8986
حميد,يزدانيان,8985
سيدعلی,يزدي خواه,8991
مهدي,يزديان,8988
ميترا,يزدچی,8987
حسين,يعقوب االملی,8992
عليرضا,يعقوبی گلوردي,8997
احمد,يگانه,9114
محمدحسن,يگانه كيا,9116
معصومه,يالن,9117
مختار,يوردخانی,9118
مريم,يوسفخانی,9121
رضا,يوسفوند,9125
سامان,يوسفوند,9126
احمدعلی,يوسفی,9252
اكرم,يوسفی,9127
براتعلی,يوسفی,9128
علی,يوسفی,9132
علی,يوسفی,9134
محمد,يوسفی,9135
نازيلا,يوسفی,9136
همايون,يوسفی,9325
ابوالفضل,يوسفی راد,9142
حميدرضا,يوسفی فر,9145
امين,يوسفيان,9137
زيبا,يوسفيان,9138
مصطفی,يونسی زاده,9149
